2022-01-01T00:00:00.000000,0,a
2022-01-01T01:00:00.000000,1,b
2022-01-01T02:00:00.000000,2,c
2022-01-01T03:00:00.000000,3,a
2022-01-01T04:00:00.000000,4,d
2022-01-01T05:00:00.000000,5,d
2022-01-01T06:00:00.000000,6,b
2022-01-01T07:00:00.000000,7,e
2022-01-01T08:00:00.000000,8,a
2022-01-01T09:00:00.000000,9,b
2022-01-01T10:00:00.000000,10,c
2022-01-01T11:00:00.000000,11,a
2022-01-01T12:00:00.000000,12,d
2022-01-01T13:00:00.000000,13,d
2022-01-01T14:00:00.000000,14,b
2022-01-01T15:00:00.000000,15,e
2022-01-01T16:00:00.000000,16,a
2022-01-01T17:00:00.000000,17,b
2022-01-01T18:00:00.000000,18,c
2022-01-01T19:00:00.000000,19,a
2022-01-01T20:00:00.000000,20,d
2022-01-01T21:00:00.000000,21,d
2022-01-01T22:00:00.000000,22,b
2022-01-01T23:00:00.000000,23,e
2022-01-02T00:00:00.000000,24,a
2022-01-02T01:00:00.000000,25,b
2022-01-02T02:00:00.000000,26,c
2022-01-02T03:00:00.000000,27,a
2022-01-02T04:00:00.000000,28,d
2022-01-02T05:00:00.000000,29,d
2022-01-02T06:00:00.000000,30,b
2022-01-02T07:00:00.000000,31,e
2022-01-02T08:00:00.000000,32,a
2022-01-02T09:00:00.000000,33,b
2022-01-02T10:00:00.000000,34,c
2022-01-02T11:00:00.000000,35,a
2022-01-02T12:00:00.000000,36,d
2022-01-02T13:00:00.000000,37,d
2022-01-02T14:00:00.000000,38,b
2022-01-02T15:00:00.000000,39,e
2022-01-02T16:00:00.000000,40,a
2022-01-02T17:00:00.000000,41,b
2022-01-02T18:00:00.000000,42,c
2022-01-02T19:00:00.000000,43,a
2022-01-02T20:00:00.000000,44,d
2022-01-02T21:00:00.000000,45,d
2022-01-02T22:00:00.000000,46,b
2022-01-02T23:00:00.000000,47,e
2022-01-03T00:00:00.000000,48,a
2022-01-03T01:00:00.000000,49,b
2022-01-03T02:00:00.000000,50,c
2022-01-03T03:00:00.000000,51,a
2022-01-03T04:00:00.000000,52,d
2022-01-03T05:00:00.000000,53,d
2022-01-03T06:00:00.000000,54,b
2022-01-03T07:00:00.000000,55,e
2022-01-03T08:00:00.000000,56,a
2022-01-03T09:00:00.000000,57,b
2022-01-03T10:00:00.000000,58,c
2022-01-03T11:00:00.000000,59,a
2022-01-03T12:00:00.000000,60,d
2022-01-03T13:00:00.000000,61,d
2022-01-03T14:00:00.000000,62,b
2022-01-03T15:00:00.000000,63,e
2022-01-03T16:00:00.000000,64,a
2022-01-03T17:00:00.000000,65,b
2022-01-03T18:00:00.000000,66,c
2022-01-03T19:00:00.000000,67,a
2022-01-03T20:00:00.000000,68,d
2022-01-03T21:00:00.000000,69,d
2022-01-03T22:00:00.000000,70,b
2022-01-03T23:00:00.000000,71,e
2022-01-04T00:00:00.000000,72,a
2022-01-04T01:00:00.000000,73,b
2022-01-04T02:00:00.000000,74,c
2022-01-04T03:00:00.000000,75,a
2022-01-04T04:00:00.000000,76,d
2022-01-04T05:00:00.000000,77,d
2022-01-04T06:00:00.000000,78,b
2022-01-04T07:00:00.000000,79,e
2022-01-04T08:00:00.000000,80,a
2022-01-04T09:00:00.000000,81,b
2022-01-04T10:00:00.000000,82,c
2022-01-04T11:00:00.000000,83,a
2022-01-04T12:00:00.000000,84,d
2022-01-04T13:00:00.000000,85,d
2022-01-04T14:00:00.000000,86,b
2022-01-04T15:00:00.000000,87,e
2022-01-04T16:00:00.000000,88,a
2022-01-04T17:00:00.000000,89,b
2022-01-04T18:00:00.000000,90,c
2022-01-04T19:00:00.000000,91,a
2022-01-04T20:00:00.000000,92,d
2022-01-04T21:00:00.000000,93,d
2022-01-04T22:00:00.000000,94,b
2022-01-04T23:00:00.000000,95,e
2022-01-05T00:00:00.000000,96,a
2022-01-05T01:00:00.000000,97,b
2022-01-05T02:00:00.000000,98,c
2022-01-05T03:00:00.000000,99,a
2022-01-05T04:00:00.000000,100,d
2022-01-05T05:00:00.000000,101,d
2022-01-05T06:00:00.000000,102,b
2022-01-05T07:00:00.000000,103,e
2022-01-05T08:00:00.000000,104,a
2022-01-05T09:00:00.000000,105,b
2022-01-05T10:00:00.000000,106,c
2022-01-05T11:00:00.000000,107,a
2022-01-05T12:00:00.000000,108,d
2022-01-05T13:00:00.000000,109,d
2022-01-05T14:00:00.000000,110,b
2022-01-05T15:00:00.000000,111,e
2022-01-05T16:00:00.000000,112,a
2022-01-05T17:00:00.000000,113,b
2022-01-05T18:00:00.000000,114,c
2022-01-05T19:00:00.000000,115,a
2022-01-05T20:00:00.000000,116,d
2022-01-05T21:00:00.000000,117,d
2022-01-05T22:00:00.000000,118,b
2022-01-05T23:00:00.000000,119,e
2022-01-06T00:00:00.000000,120,a
2022-01-06T01:00:00.000000,121,b
2022-01-06T02:00:00.000000,122,c
2022-01-06T03:00:00.000000,123,a
2022-01-06T04:00:00.000000,124,d
2022-01-06T05:00:00.000000,125,d
2022-01-06T06:00:00.000000,126,b
2022-01-06T07:00:00.000000,127,e
2022-01-06T08:00:00.000000,128,a
2022-01-06T09:00:00.000000,129,b
2022-01-06T10:00:00.000000,130,c
2022-01-06T11:00:00.000000,131,a
2022-01-06T12:00:00.000000,132,d
2022-01-06T13:00:00.000000,133,d
2022-01-06T14:00:00.000000,134,b
2022-01-06T15:00:00.000000,135,e
2022-01-06T16:00:00.000000,136,a
2022-01-06T17:00:00.000000,137,b
2022-01-06T18:00:00.000000,138,c
2022-01-06T19:00:00.000000,139,a
2022-01-06T20:00:00.000000,140,d
2022-01-06T21:00:00.000000,141,d
2022-01-06T22:00:00.000000,142,b
2022-01-06T23:00:00.000000,143,e
2022-01-07T00:00:00.000000,144,a
2022-01-07T01:00:00.000000,145,b
2022-01-07T02:00:00.000000,146,c
2022-01-07T03:00:00.000000,147,a
2022-01-07T04:00:00.000000,148,d
2022-01-07T05:00:00.000000,149,d
2022-01-07T06:00:00.000000,150,b
2022-01-07T07:00:00.000000,151,e
2022-01-07T08:00:00.000000,152,a
2022-01-07T09:00:00.000000,153,b
2022-01-07T10:00:00.000000,154,c
2022-01-07T11:00:00.000000,155,a
2022-01-07T12:00:00.000000,156,d
2022-01-07T13:00:00.000000,157,d
2022-01-07T14:00:00.000000,158,b
2022-01-07T15:00:00.000000,159,e
2022-01-07T16:00:00.000000,160,a
2022-01-07T17:00:00.000000,161,b
2022-01-07T18:00:00.000000,162,c
2022-01-07T19:00:00.000000,163,a
2022-01-07T20:00:00.000000,164,d
2022-01-07T21:00:00.000000,165,d
2022-01-07T22:00:00.000000,166,b
2022-01-07T23:00:00.000000,167,e
2022-01-08T00:00:00.000000,168,a
2022-01-08T01:00:00.000000,169,b
2022-01-08T02:00:00.000000,170,c
2022-01-08T03:00:00.000000,171,a
2022-01-08T04:00:00.000000,172,d
2022-01-08T05:00:00.000000,173,d
2022-01-08T06:00:00.000000,174,b
2022-01-08T07:00:00.000000,175,e
2022-01-08T08:00:00.000000,176,a
2022-01-08T09:00:00.000000,177,b
2022-01-08T10:00:00.000000,178,c
2022-01-08T11:00:00.000000,179,a
2022-01-08T12:00:00.000000,180,d
2022-01-08T13:00:00.000000,181,d
2022-01-08T14:00:00.000000,182,b
2022-01-08T15:00:00.000000,183,e
2022-01-08T16:00:00.000000,184,a
2022-01-08T17:00:00.000000,185,b
2022-01-08T18:00:00.000000,186,c
2022-01-08T19:00:00.000000,187,a
2022-01-08T20:00:00.000000,188,d
2022-01-08T21:00:00.000000,189,d
2022-01-08T22:00:00.000000,190,b
2022-01-08T23:00:00.000000,191,e
2022-01-09T00:00:00.000000,192,a
2022-01-09T01:00:00.000000,193,b
2022-01-09T02:00:00.000000,194,c
2022-01-09T03:00:00.000000,195,a
2022-01-09T04:00:00.000000,196,d
2022-01-09T05:00:00.000000,197,d
2022-01-09T06:00:00.000000,198,b
2022-01-09T07:00:00.000000,199,e
2022-01-09T08:00:00.000000,200,a
2022-01-09T09:00:00.000000,201,b
2022-01-09T10:00:00.000000,202,c
2022-01-09T11:00:00.000000,203,a
2022-01-09T12:00:00.000000,204,d
2022-01-09T13:00:00.000000,205,d
2022-01-09T14:00:00.000000,206,b
2022-01-09T15:00:00.000000,207,e
2022-01-09T16:00:00.000000,208,a
2022-01-09T17:00:00.000000,209,b
2022-01-09T18:00:00.000000,210,c
2022-01-09T19:00:00.000000,211,a
2022-01-09T20:00:00.000000,212,d
2022-01-09T21:00:00.000000,213,d
2022-01-09T22:00:00.000000,214,b
2022-01-09T23:00:00.000000,215,e
2022-01-10T00:00:00.000000,216,a
2022-01-10T01:00:00.000000,217,b
2022-01-10T02:00:00.000000,218,c
2022-01-10T03:00:00.000000,219,a
2022-01-10T04:00:00.000000,220,d
2022-01-10T05:00:00.000000,221,d
2022-01-10T06:00:00.000000,222,b
2022-01-10T07:00:00.000000,223,e
2022-01-10T08:00:00.000000,224,a
2022-01-10T09:00:00.000000,225,b
2022-01-10T10:00:00.000000,226,c
2022-01-10T11:00:00.000000,227,a
2022-01-10T12:00:00.000000,228,d
2022-01-10T13:00:00.000000,229,d
2022-01-10T14:00:00.000000,230,b
2022-01-10T15:00:00.000000,231,e
2022-01-10T16:00:00.000000,232,a
2022-01-10T17:00:00.000000,233,b
2022-01-10T18:00:00.000000,234,c
2022-01-10T19:00:00.000000,235,a
2022-01-10T20:00:00.000000,236,d
2022-01-10T21:00:00.000000,237,d
2022-01-10T22:00:00.000000,238,b
2022-01-10T23:00:00.000000,239,e
2022-01-11T00:00:00.000000,240,a
2022-01-11T01:00:00.000000,241,b
2022-01-11T02:00:00.000000,242,c
2022-01-11T03:00:00.000000,243,a
2022-01-11T04:00:00.000000,244,d
2022-01-11T05:00:00.000000,245,d
2022-01-11T06:00:00.000000,246,b
2022-01-11T07:00:00.000000,247,e
2022-01-11T08:00:00.000000,248,a
2022-01-11T09:00:00.000000,249,b
2022-01-11T10:00:00.000000,250,c
2022-01-11T11:00:00.000000,251,a
2022-01-11T12:00:00.000000,252,d
2022-01-11T13:00:00.000000,253,d
2022-01-11T14:00:00.000000,254,b
2022-01-11T15:00:00.000000,255,e
2022-01-11T16:00:00.000000,256,a
2022-01-11T17:00:00.000000,257,b
2022-01-11T18:00:00.000000,258,c
2022-01-11T19:00:00.000000,259,a
2022-01-11T20:00:00.000000,260,d
2022-01-11T21:00:00.000000,261,d
2022-01-11T22:00:00.000000,262,b
2022-01-11T23:00:00.000000,263,e
2022-01-12T00:00:00.000000,264,a
2022-01-12T01:00:00.000000,265,b
2022-01-12T02:00:00.000000,266,c
2022-01-12T03:00:00.000000,267,a
2022-01-12T04:00:00.000000,268,d
2022-01-12T05:00:00.000000,269,d
2022-01-12T06:00:00.000000,270,b
2022-01-12T07:00:00.000000,271,e
2022-01-12T08:00:00.000000,272,a
2022-01-12T09:00:00.000000,273,b
2022-01-12T10:00:00.000000,274,c
2022-01-12T11:00:00.000000,275,a
2022-01-12T12:00:00.000000,276,d
2022-01-12T13:00:00.000000,277,d
2022-01-12T14:00:00.000000,278,b
2022-01-12T15:00:00.000000,279,e
2022-01-12T16:00:00.000000,280,a
2022-01-12T17:00:00.000000,281,b
2022-01-12T18:00:00.000000,282,c
2022-01-12T19:00:00.000000,283,a
2022-01-12T20:00:00.000000,284,d
2022-01-12T21:00:00.000000,285,d
2022-01-12T22:00:00.000000,286,b
2022-01-12T23:00:00.000000,287,e
2022-01-13T00:00:00.000000,288,a
2022-01-13T01:00:00.000000,289,b
2022-01-13T02:00:00.000000,290,c
2022-01-13T03:00:00.000000,291,a
2022-01-13T04:00:00.000000,292,d
2022-01-13T05:00:00.000000,293,d
2022-01-13T06:00:00.000000,294,b
2022-01-13T07:00:00.000000,295,e
2022-01-13T08:00:00.000000,296,a
2022-01-13T09:00:00.000000,297,b
2022-01-13T10:00:00.000000,298,c
2022-01-13T11:00:00.000000,299,a
2022-01-13T12:00:00.000000,300,d
2022-01-13T13:00:00.000000,301,d
2022-01-13T14:00:00.000000,302,b
2022-01-13T15:00:00.000000,303,e
2022-01-13T16:00:00.000000,304,a
2022-01-13T17:00:00.000000,305,b
2022-01-13T18:00:00.000000,306,c
2022-01-13T19:00:00.000000,307,a
2022-01-13T20:00:00.000000,308,d
2022-01-13T21:00:00.000000,309,d
2022-01-13T22:00:00.000000,310,b
2022-01-13T23:00:00.000000,311,e
2022-01-14T00:00:00.000000,312,a
2022-01-14T01:00:00.000000,313,b
2022-01-14T02:00:00.000000,314,c
2022-01-14T03:00:00.000000,315,a
2022-01-14T04:00:00.000000,316,d
2022-01-14T05:00:00.000000,317,d
2022-01-14T06:00:00.000000,318,b
2022-01-14T07:00:00.000000,319,e
2022-01-14T08:00:00.000000,320,a
2022-01-14T09:00:00.000000,321,b
2022-01-14T10:00:00.000000,322,c
2022-01-14T11:00:00.000000,323,a
2022-01-14T12:00:00.000000,324,d
2022-01-14T13:00:00.000000,325,d
2022-01-14T14:00:00.000000,326,b
2022-01-14T15:00:00.000000,327,e
2022-01-14T16:00:00.000000,328,a
2022-01-14T17:00:00.000000,329,b
2022-01-14T18:00:00.000000,330,c
2022-01-14T19:00:00.000000,331,a
2022-01-14T20:00:00.000000,332,d
2022-01-14T21:00:00.000000,333,d
2022-01-14T22:00:00.000000,334,b
2022-01-14T23:00:00.000000,335,e
2022-01-15T00:00:00.000000,336,a
2022-01-15T01:00:00.000000,337,b
2022-01-15T02:00:00.000000,338,c
2022-01-15T03:00:00.000000,339,a
2022-01-15T04:00:00.000000,340,d
2022-01-15T05:00:00.000000,341,d
2022-01-15T06:00:00.000000,342,b
2022-01-15T07:00:00.000000,343,e
2022-01-15T08:00:00.000000,344,a
2022-01-15T09:00:00.000000,345,b
2022-01-15T10:00:00.000000,346,c
2022-01-15T11:00:00.000000,347,a
2022-01-15T12:00:00.000000,348,d
2022-01-15T13:00:00.000000,349,d
2022-01-15T14:00:00.000000,350,b
2022-01-15T15:00:00.000000,351,e
2022-01-15T16:00:00.000000,352,a
2022-01-15T17:00:00.000000,353,b
2022-01-15T18:00:00.000000,354,c
2022-01-15T19:00:00.000000,355,a
2022-01-15T20:00:00.000000,356,d
2022-01-15T21:00:00.000000,357,d
2022-01-15T22:00:00.000000,358,b
2022-01-15T23:00:00.000000,359,e
2022-01-16T00:00:00.000000,360,a
2022-01-16T01:00:00.000000,361,b
2022-01-16T02:00:00.000000,362,c
2022-01-16T03:00:00.000000,363,a
2022-01-16T04:00:00.000000,364,d
2022-01-16T05:00:00.000000,365,d
2022-01-16T06:00:00.000000,366,b
2022-01-16T07:00:00.000000,367,e
2022-01-16T08:00:00.000000,368,a
2022-01-16T09:00:00.000000,369,b
2022-01-16T10:00:00.000000,370,c
2022-01-16T11:00:00.000000,371,a
2022-01-16T12:00:00.000000,372,d
2022-01-16T13:00:00.000000,373,d
2022-01-16T14:00:00.000000,374,b
2022-01-16T15:00:00.000000,375,e
2022-01-16T16:00:00.000000,376,a
2022-01-16T17:00:00.000000,377,b
2022-01-16T18:00:00.000000,378,c
2022-01-16T19:00:00.000000,379,a
2022-01-16T20:00:00.000000,380,d
2022-01-16T21:00:00.000000,381,d
2022-01-16T22:00:00.000000,382,b
2022-01-16T23:00:00.000000,383,e
2022-01-17T00:00:00.000000,384,a
2022-01-17T01:00:00.000000,385,b
2022-01-17T02:00:00.000000,386,c
2022-01-17T03:00:00.000000,387,a
2022-01-17T04:00:00.000000,388,d
2022-01-17T05:00:00.000000,389,d
2022-01-17T06:00:00.000000,390,b
2022-01-17T07:00:00.000000,391,e
2022-01-17T08:00:00.000000,392,a
2022-01-17T09:00:00.000000,393,b
2022-01-17T10:00:00.000000,394,c
2022-01-17T11:00:00.000000,395,a
2022-01-17T12:00:00.000000,396,d
2022-01-17T13:00:00.000000,397,d
2022-01-17T14:00:00.000000,398,b
2022-01-17T15:00:00.000000,399,e
2022-01-17T16:00:00.000000,400,a
2022-01-17T17:00:00.000000,401,b
2022-01-17T18:00:00.000000,402,c
2022-01-17T19:00:00.000000,403,a
2022-01-17T20:00:00.000000,404,d
2022-01-17T21:00:00.000000,405,d
2022-01-17T22:00:00.000000,406,b
2022-01-17T23:00:00.000000,407,e
2022-01-18T00:00:00.000000,408,a
2022-01-18T01:00:00.000000,409,b
2022-01-18T02:00:00.000000,410,c
2022-01-18T03:00:00.000000,411,a
2022-01-18T04:00:00.000000,412,d
2022-01-18T05:00:00.000000,413,d
2022-01-18T06:00:00.000000,414,b
2022-01-18T07:00:00.000000,415,e
2022-01-18T08:00:00.000000,416,a
2022-01-18T09:00:00.000000,417,b
2022-01-18T10:00:00.000000,418,c
2022-01-18T11:00:00.000000,419,a
2022-01-18T12:00:00.000000,420,d
2022-01-18T13:00:00.000000,421,d
2022-01-18T14:00:00.000000,422,b
2022-01-18T15:00:00.000000,423,e
2022-01-18T16:00:00.000000,424,a
2022-01-18T17:00:00.000000,425,b
2022-01-18T18:00:00.000000,426,c
2022-01-18T19:00:00.000000,427,a
2022-01-18T20:00:00.000000,428,d
2022-01-18T21:00:00.000000,429,d
2022-01-18T22:00:00.000000,430,b
2022-01-18T23:00:00.000000,431,e
2022-01-19T00:00:00.000000,432,a
2022-01-19T01:00:00.000000,433,b
2022-01-19T02:00:00.000000,434,c
2022-01-19T03:00:00.000000,435,a
2022-01-19T04:00:00.000000,436,d
2022-01-19T05:00:00.000000,437,d
2022-01-19T06:00:00.000000,438,b
2022-01-19T07:00:00.000000,439,e
2022-01-19T08:00:00.000000,440,a
2022-01-19T09:00:00.000000,441,b
2022-01-19T10:00:00.000000,442,c
2022-01-19T11:00:00.000000,443,a
2022-01-19T12:00:00.000000,444,d
2022-01-19T13:00:00.000000,445,d
2022-01-19T14:00:00.000000,446,b
2022-01-19T15:00:00.000000,447,e
2022-01-19T16:00:00.000000,448,a
2022-01-19T17:00:00.000000,449,b
2022-01-19T18:00:00.000000,450,c
2022-01-19T19:00:00.000000,451,a
2022-01-19T20:00:00.000000,452,d
2022-01-19T21:00:00.000000,453,d
2022-01-19T22:00:00.000000,454,b
2022-01-19T23:00:00.000000,455,e
2022-01-20T00:00:00.000000,456,a
2022-01-20T01:00:00.000000,457,b
2022-01-20T02:00:00.000000,458,c
2022-01-20T03:00:00.000000,459,a
2022-01-20T04:00:00.000000,460,d
2022-01-20T05:00:00.000000,461,d
2022-01-20T06:00:00.000000,462,b
2022-01-20T07:00:00.000000,463,e
2022-01-20T08:00:00.000000,464,a
2022-01-20T09:00:00.000000,465,b
2022-01-20T10:00:00.000000,466,c
2022-01-20T11:00:00.000000,467,a
2022-01-20T12:00:00.000000,468,d
2022-01-20T13:00:00.000000,469,d
2022-01-20T14:00:00.000000,470,b
2022-01-20T15:00:00.000000,471,e
2022-01-20T16:00:00.000000,472,a
2022-01-20T17:00:00.000000,473,b
2022-01-20T18:00:00.000000,474,c
2022-01-20T19:00:00.000000,475,a
2022-01-20T20:00:00.000000,476,d
2022-01-20T21:00:00.000000,477,d
2022-01-20T22:00:00.000000,478,b
2022-01-20T23:00:00.000000,479,e
2022-01-21T00:00:00.000000,480,a
2022-01-21T01:00:00.000000,481,b
2022-01-21T02:00:00.000000,482,c
2022-01-21T03:00:00.000000,483,a
2022-01-21T04:00:00.000000,484,d
2022-01-21T05:00:00.000000,485,d
2022-01-21T06:00:00.000000,486,b
2022-01-21T07:00:00.000000,487,e
2022-01-21T08:00:00.000000,488,a
2022-01-21T09:00:00.000000,489,b
2022-01-21T10:00:00.000000,490,c
2022-01-21T11:00:00.000000,491,a
2022-01-21T12:00:00.000000,492,d
2022-01-21T13:00:00.000000,493,d
2022-01-21T14:00:00.000000,494,b
2022-01-21T15:00:00.000000,495,e
2022-01-21T16:00:00.000000,496,a
2022-01-21T17:00:00.000000,497,b
2022-01-21T18:00:00.000000,498,c
2022-01-21T19:00:00.000000,499,a
2022-01-21T20:00:00.000000,500,d
2022-01-21T21:00:00.000000,501,d
2022-01-21T22:00:00.000000,502,b
2022-01-21T23:00:00.000000,503,e
2022-01-22T00:00:00.000000,504,a
2022-01-22T01:00:00.000000,505,b
2022-01-22T02:00:00.000000,506,c
2022-01-22T03:00:00.000000,507,a
2022-01-22T04:00:00.000000,508,d
2022-01-22T05:00:00.000000,509,d
2022-01-22T06:00:00.000000,510,b
2022-01-22T07:00:00.000000,511,e
2022-01-22T08:00:00.000000,512,a
2022-01-22T09:00:00.000000,513,b
2022-01-22T10:00:00.000000,514,c
2022-01-22T11:00:00.000000,515,a
2022-01-22T12:00:00.000000,516,d
2022-01-22T13:00:00.000000,517,d
2022-01-22T14:00:00.000000,518,b
2022-01-22T15:00:00.000000,519,e
2022-01-22T16:00:00.000000,520,a
2022-01-22T17:00:00.000000,521,b
2022-01-22T18:00:00.000000,522,c
2022-01-22T19:00:00.000000,523,a
2022-01-22T20:00:00.000000,524,d
2022-01-22T21:00:00.000000,525,d
2022-01-22T22:00:00.000000,526,b
2022-01-22T23:00:00.000000,527,e
2022-01-23T00:00:00.000000,528,a
2022-01-23T01:00:00.000000,529,b
2022-01-23T02:00:00.000000,530,c
2022-01-23T03:00:00.000000,531,a
2022-01-23T04:00:00.000000,532,d
2022-01-23T05:00:00.000000,533,d
2022-01-23T06:00:00.000000,534,b
2022-01-23T07:00:00.000000,535,e
2022-01-23T08:00:00.000000,536,a
2022-01-23T09:00:00.000000,537,b
2022-01-23T10:00:00.000000,538,c
2022-01-23T11:00:00.000000,539,a
2022-01-23T12:00:00.000000,540,d
2022-01-23T13:00:00.000000,541,d
2022-01-23T14:00:00.000000,542,b
2022-01-23T15:00:00.000000,543,e
2022-01-23T16:00:00.000000,544,a
2022-01-23T17:00:00.000000,545,b
2022-01-23T18:00:00.000000,546,c
2022-01-23T19:00:00.000000,547,a
2022-01-23T20:00:00.000000,548,d
2022-01-23T21:00:00.000000,549,d
2022-01-23T22:00:00.000000,550,b
2022-01-23T23:00:00.000000,551,e
2022-01-24T00:00:00.000000,552,a
2022-01-24T01:00:00.000000,553,b
2022-01-24T02:00:00.000000,554,c
2022-01-24T03:00:00.000000,555,a
2022-01-24T04:00:00.000000,556,d
2022-01-24T05:00:00.000000,557,d
2022-01-24T06:00:00.000000,558,b
2022-01-24T07:00:00.000000,559,e
2022-01-24T08:00:00.000000,560,a
2022-01-24T09:00:00.000000,561,b
2022-01-24T10:00:00.000000,562,c
2022-01-24T11:00:00.000000,563,a
2022-01-24T12:00:00.000000,564,d
2022-01-24T13:00:00.000000,565,d
2022-01-24T14:00:00.000000,566,b
2022-01-24T15:00:00.000000,567,e
2022-01-24T16:00:00.000000,568,a
2022-01-24T17:00:00.000000,569,b
2022-01-24T18:00:00.000000,570,c
2022-01-24T19:00:00.000000,571,a
2022-01-24T20:00:00.000000,572,d
2022-01-24T21:00:00.000000,573,d
2022-01-24T22:00:00.000000,574,b
2022-01-24T23:00:00.000000,575,e
2022-01-25T00:00:00.000000,576,a
2022-01-25T01:00:00.000000,577,b
2022-01-25T02:00:00.000000,578,c
2022-01-25T03:00:00.000000,579,a
2022-01-25T04:00:00.000000,580,d
2022-01-25T05:00:00.000000,581,d
2022-01-25T06:00:00.000000,582,b
2022-01-25T07:00:00.000000,583,e
2022-01-25T08:00:00.000000,584,a
2022-01-25T09:00:00.000000,585,b
2022-01-25T10:00:00.000000,586,c
2022-01-25T11:00:00.000000,587,a
2022-01-25T12:00:00.000000,588,d
2022-01-25T13:00:00.000000,589,d
2022-01-25T14:00:00.000000,590,b
2022-01-25T15:00:00.000000,591,e
2022-01-25T16:00:00.000000,592,a
2022-01-25T17:00:00.000000,593,b
2022-01-25T18:00:00.000000,594,c
2022-01-25T19:00:00.000000,595,a
2022-01-25T20:00:00.000000,596,d
2022-01-25T21:00:00.000000,597,d
2022-01-25T22:00:00.000000,598,b
2022-01-25T23:00:00.000000,599,e
2022-01-26T00:00:00.000000,600,a
2022-01-26T01:00:00.000000,601,b
2022-01-26T02:00:00.000000,602,c
2022-01-26T03:00:00.000000,603,a
2022-01-26T04:00:00.000000,604,d
2022-01-26T05:00:00.000000,605,d
2022-01-26T06:00:00.000000,606,b
2022-01-26T07:00:00.000000,607,e
2022-01-26T08:00:00.000000,608,a
2022-01-26T09:00:00.000000,609,b
2022-01-26T10:00:00.000000,610,c
2022-01-26T11:00:00.000000,611,a
2022-01-26T12:00:00.000000,612,d
2022-01-26T13:00:00.000000,613,d
2022-01-26T14:00:00.000000,614,b
2022-01-26T15:00:00.000000,615,e
2022-01-26T16:00:00.000000,616,a
2022-01-26T17:00:00.000000,617,b
2022-01-26T18:00:00.000000,618,c
2022-01-26T19:00:00.000000,619,a
2022-01-26T20:00:00.000000,620,d
2022-01-26T21:00:00.000000,621,d
2022-01-26T22:00:00.000000,622,b
2022-01-26T23:00:00.000000,623,e
2022-01-27T00:00:00.000000,624,a
2022-01-27T01:00:00.000000,625,b
2022-01-27T02:00:00.000000,626,c
2022-01-27T03:00:00.000000,627,a
2022-01-27T04:00:00.000000,628,d
2022-01-27T05:00:00.000000,629,d
2022-01-27T06:00:00.000000,630,b
2022-01-27T07:00:00.000000,631,e
2022-01-27T08:00:00.000000,632,a
2022-01-27T09:00:00.000000,633,b
2022-01-27T10:00:00.000000,634,c
2022-01-27T11:00:00.000000,635,a
2022-01-27T12:00:00.000000,636,d
2022-01-27T13:00:00.000000,637,d
2022-01-27T14:00:00.000000,638,b
2022-01-27T15:00:00.000000,639,e
2022-01-27T16:00:00.000000,640,a
2022-01-27T17:00:00.000000,641,b
2022-01-27T18:00:00.000000,642,c
2022-01-27T19:00:00.000000,643,a
2022-01-27T20:00:00.000000,644,d
2022-01-27T21:00:00.000000,645,d
2022-01-27T22:00:00.000000,646,b
2022-01-27T23:00:00.000000,647,e
2022-01-28T00:00:00.000000,648,a
2022-01-28T01:00:00.000000,649,b
2022-01-28T02:00:00.000000,650,c
2022-01-28T03:00:00.000000,651,a
2022-01-28T04:00:00.000000,652,d
2022-01-28T05:00:00.000000,653,d
2022-01-28T06:00:00.000000,654,b
2022-01-28T07:00:00.000000,655,e
2022-01-28T08:00:00.000000,656,a
2022-01-28T09:00:00.000000,657,b
2022-01-28T10:00:00.000000,658,c
2022-01-28T11:00:00.000000,659,a
2022-01-28T12:00:00.000000,660,d
2022-01-28T13:00:00.000000,661,d
2022-01-28T14:00:00.000000,662,b
2022-01-28T15:00:00.000000,663,e
2022-01-28T16:00:00.000000,664,a
2022-01-28T17:00:00.000000,665,b
2022-01-28T18:00:00.000000,666,c
2022-01-28T19:00:00.000000,667,a
2022-01-28T20:00:00.000000,668,d
2022-01-28T21:00:00.000000,669,d
2022-01-28T22:00:00.000000,670,b
2022-01-28T23:00:00.000000,671,e
2022-01-29T00:00:00.000000,672,a
2022-01-29T01:00:00.000000,673,b
2022-01-29T02:00:00.000000,674,c
2022-01-29T03:00:00.000000,675,a
2022-01-29T04:00:00.000000,676,d
2022-01-29T05:00:00.000000,677,d
2022-01-29T06:00:00.000000,678,b
2022-01-29T07:00:00.000000,679,e
2022-01-29T08:00:00.000000,680,a
2022-01-29T09:00:00.000000,681,b
2022-01-29T10:00:00.000000,682,c
2022-01-29T11:00:00.000000,683,a
2022-01-29T12:00:00.000000,684,d
2022-01-29T13:00:00.000000,685,d
2022-01-29T14:00:00.000000,686,b
2022-01-29T15:00:00.000000,687,e
2022-01-29T16:00:00.000000,688,a
2022-01-29T17:00:00.000000,689,b
2022-01-29T18:00:00.000000,690,c
2022-01-29T19:00:00.000000,691,a
2022-01-29T20:00:00.000000,692,d
2022-01-29T21:00:00.000000,693,d
2022-01-29T22:00:00.000000,694,b
2022-01-29T23:00:00.000000,695,e
2022-01-30T00:00:00.000000,696,a
2022-01-30T01:00:00.000000,697,b
2022-01-30T02:00:00.000000,698,c
2022-01-30T03:00:00.000000,699,a
2022-01-30T04:00:00.000000,700,d
2022-01-30T05:00:00.000000,701,d
2022-01-30T06:00:00.000000,702,b
2022-01-30T07:00:00.000000,703,e
2022-01-30T08:00:00.000000,704,a
2022-01-30T09:00:00.000000,705,b
2022-01-30T10:00:00.000000,706,c
2022-01-30T11:00:00.000000,707,a
2022-01-30T12:00:00.000000,708,d
2022-01-30T13:00:00.000000,709,d
2022-01-30T14:00:00.000000,710,b
2022-01-30T15:00:00.000000,711,e
2022-01-30T16:00:00.000000,712,a
2022-01-30T17:00:00.000000,713,b
2022-01-30T18:00:00.000000,714,c
2022-01-30T19:00:00.000000,715,a
2022-01-30T20:00:00.000000,716,d
2022-01-30T21:00:00.000000,717,d
2022-01-30T22:00:00.000000,718,b
2022-01-30T23:00:00.000000,719,e
2022-01-31T00:00:00.000000,720,a
2022-01-31T01:00:00.000000,721,b
2022-01-31T02:00:00.000000,722,c
2022-01-31T03:00:00.000000,723,a
2022-01-31T04:00:00.000000,724,d
2022-01-31T05:00:00.000000,725,d
2022-01-31T06:00:00.000000,726,b
2022-01-31T07:00:00.000000,727,e
2022-01-31T08:00:00.000000,728,a
2022-01-31T09:00:00.000000,729,b
2022-01-31T10:00:00.000000,730,c
2022-01-31T11:00:00.000000,731,a
2022-01-31T12:00:00.000000,732,d
2022-01-31T13:00:00.000000,733,d
2022-01-31T14:00:00.000000,734,b
2022-01-31T15:00:00.000000,735,e
2022-01-31T16:00:00.000000,736,a
2022-01-31T17:00:00.000000,737,b
2022-01-31T18:00:00.000000,738,c
2022-01-31T19:00:00.000000,739,a
2022-01-31T20:00:00.000000,740,d
2022-01-31T21:00:00.000000,741,d
2022-01-31T22:00:00.000000,742,b
2022-01-31T23:00:00.000000,743,e
2022-02-01T00:00:00.000000,744,a
2022-02-01T01:00:00.000000,745,b
2022-02-01T02:00:00.000000,746,c
2022-02-01T03:00:00.000000,747,a
2022-02-01T04:00:00.000000,748,d
2022-02-01T05:00:00.000000,749,d
2022-02-01T06:00:00.000000,750,b
2022-02-01T07:00:00.000000,751,e
2022-02-01T08:00:00.000000,752,a
2022-02-01T09:00:00.000000,753,b
2022-02-01T10:00:00.000000,754,c
2022-02-01T11:00:00.000000,755,a
2022-02-01T12:00:00.000000,756,d
2022-02-01T13:00:00.000000,757,d
2022-02-01T14:00:00.000000,758,b
2022-02-01T15:00:00.000000,759,e
2022-02-01T16:00:00.000000,760,a
2022-02-01T17:00:00.000000,761,b
2022-02-01T18:00:00.000000,762,c
2022-02-01T19:00:00.000000,763,a
2022-02-01T20:00:00.000000,764,d
2022-02-01T21:00:00.000000,765,d
2022-02-01T22:00:00.000000,766,b
2022-02-01T23:00:00.000000,767,e
2022-02-02T00:00:00.000000,768,a
2022-02-02T01:00:00.000000,769,b
2022-02-02T02:00:00.000000,770,c
2022-02-02T03:00:00.000000,771,a
2022-02-02T04:00:00.000000,772,d
2022-02-02T05:00:00.000000,773,d
2022-02-02T06:00:00.000000,774,b
2022-02-02T07:00:00.000000,775,e
2022-02-02T08:00:00.000000,776,a
2022-02-02T09:00:00.000000,777,b
2022-02-02T10:00:00.000000,778,c
2022-02-02T11:00:00.000000,779,a
2022-02-02T12:00:00.000000,780,d
2022-02-02T13:00:00.000000,781,d
2022-02-02T14:00:00.000000,782,b
2022-02-02T15:00:00.000000,783,e
2022-02-02T16:00:00.000000,784,a
2022-02-02T17:00:00.000000,785,b
2022-02-02T18:00:00.000000,786,c
2022-02-02T19:00:00.000000,787,a
2022-02-02T20:00:00.000000,788,d
2022-02-02T21:00:00.000000,789,d
2022-02-02T22:00:00.000000,790,b
2022-02-02T23:00:00.000000,791,e
2022-02-03T00:00:00.000000,792,a
2022-02-03T01:00:00.000000,793,b
2022-02-03T02:00:00.000000,794,c
2022-02-03T03:00:00.000000,795,a
2022-02-03T04:00:00.000000,796,d
2022-02-03T05:00:00.000000,797,d
2022-02-03T06:00:00.000000,798,b
2022-02-03T07:00:00.000000,799,e
2022-02-03T08:00:00.000000,800,a
2022-02-03T09:00:00.000000,801,b
2022-02-03T10:00:00.000000,802,c
2022-02-03T11:00:00.000000,803,a
2022-02-03T12:00:00.000000,804,d
2022-02-03T13:00:00.000000,805,d
2022-02-03T14:00:00.000000,806,b
2022-02-03T15:00:00.000000,807,e
2022-02-03T16:00:00.000000,808,a
2022-02-03T17:00:00.000000,809,b
2022-02-03T18:00:00.000000,810,c
2022-02-03T19:00:00.000000,811,a
2022-02-03T20:00:00.000000,812,d
2022-02-03T21:00:00.000000,813,d
2022-02-03T22:00:00.000000,814,b
2022-02-03T23:00:00.000000,815,e
2022-02-04T00:00:00.000000,816,a
2022-02-04T01:00:00.000000,817,b
2022-02-04T02:00:00.000000,818,c
2022-02-04T03:00:00.000000,819,a
2022-02-04T04:00:00.000000,820,d
2022-02-04T05:00:00.000000,821,d
2022-02-04T06:00:00.000000,822,b
2022-02-04T07:00:00.000000,823,e
2022-02-04T08:00:00.000000,824,a
2022-02-04T09:00:00.000000,825,b
2022-02-04T10:00:00.000000,826,c
2022-02-04T11:00:00.000000,827,a
2022-02-04T12:00:00.000000,828,d
2022-02-04T13:00:00.000000,829,d
2022-02-04T14:00:00.000000,830,b
2022-02-04T15:00:00.000000,831,e
2022-02-04T16:00:00.000000,832,a
2022-02-04T17:00:00.000000,833,b
2022-02-04T18:00:00.000000,834,c
2022-02-04T19:00:00.000000,835,a
2022-02-04T20:00:00.000000,836,d
2022-02-04T21:00:00.000000,837,d
2022-02-04T22:00:00.000000,838,b
2022-02-04T23:00:00.000000,839,e
2022-02-05T00:00:00.000000,840,a
2022-02-05T01:00:00.000000,841,b
2022-02-05T02:00:00.000000,842,c
2022-02-05T03:00:00.000000,843,a
2022-02-05T04:00:00.000000,844,d
2022-02-05T05:00:00.000000,845,d
2022-02-05T06:00:00.000000,846,b
2022-02-05T07:00:00.000000,847,e
2022-02-05T08:00:00.000000,848,a
2022-02-05T09:00:00.000000,849,b
2022-02-05T10:00:00.000000,850,c
2022-02-05T11:00:00.000000,851,a
2022-02-05T12:00:00.000000,852,d
2022-02-05T13:00:00.000000,853,d
2022-02-05T14:00:00.000000,854,b
2022-02-05T15:00:00.000000,855,e
2022-02-05T16:00:00.000000,856,a
2022-02-05T17:00:00.000000,857,b
2022-02-05T18:00:00.000000,858,c
2022-02-05T19:00:00.000000,859,a
2022-02-05T20:00:00.000000,860,d
2022-02-05T21:00:00.000000,861,d
2022-02-05T22:00:00.000000,862,b
2022-02-05T23:00:00.000000,863,e
2022-02-06T00:00:00.000000,864,a
2022-02-06T01:00:00.000000,865,b
2022-02-06T02:00:00.000000,866,c
2022-02-06T03:00:00.000000,867,a
2022-02-06T04:00:00.000000,868,d
2022-02-06T05:00:00.000000,869,d
2022-02-06T06:00:00.000000,870,b
2022-02-06T07:00:00.000000,871,e
2022-02-06T08:00:00.000000,872,a
2022-02-06T09:00:00.000000,873,b
2022-02-06T10:00:00.000000,874,c
2022-02-06T11:00:00.000000,875,a
2022-02-06T12:00:00.000000,876,d
2022-02-06T13:00:00.000000,877,d
2022-02-06T14:00:00.000000,878,b
2022-02-06T15:00:00.000000,879,e
2022-02-06T16:00:00.000000,880,a
2022-02-06T17:00:00.000000,881,b
2022-02-06T18:00:00.000000,882,c
2022-02-06T19:00:00.000000,883,a
2022-02-06T20:00:00.000000,884,d
2022-02-06T21:00:00.000000,885,d
2022-02-06T22:00:00.000000,886,b
2022-02-06T23:00:00.000000,887,e
2022-02-07T00:00:00.000000,888,a
2022-02-07T01:00:00.000000,889,b
2022-02-07T02:00:00.000000,890,c
2022-02-07T03:00:00.000000,891,a
2022-02-07T04:00:00.000000,892,d
2022-02-07T05:00:00.000000,893,d
2022-02-07T06:00:00.000000,894,b
2022-02-07T07:00:00.000000,895,e
2022-02-07T08:00:00.000000,896,a
2022-02-07T09:00:00.000000,897,b
2022-02-07T10:00:00.000000,898,c
2022-02-07T11:00:00.000000,899,a
2022-02-07T12:00:00.000000,900,d
2022-02-07T13:00:00.000000,901,d
2022-02-07T14:00:00.000000,902,b
2022-02-07T15:00:00.000000,903,e
2022-02-07T16:00:00.000000,904,a
2022-02-07T17:00:00.000000,905,b
2022-02-07T18:00:00.000000,906,c
2022-02-07T19:00:00.000000,907,a
2022-02-07T20:00:00.000000,908,d
2022-02-07T21:00:00.000000,909,d
2022-02-07T22:00:00.000000,910,b
2022-02-07T23:00:00.000000,911,e
2022-02-08T00:00:00.000000,912,a
2022-02-08T01:00:00.000000,913,b
2022-02-08T02:00:00.000000,914,c
2022-02-08T03:00:00.000000,915,a
2022-02-08T04:00:00.000000,916,d
2022-02-08T05:00:00.000000,917,d
2022-02-08T06:00:00.000000,918,b
2022-02-08T07:00:00.000000,919,e
2022-02-08T08:00:00.000000,920,a
2022-02-08T09:00:00.000000,921,b
2022-02-08T10:00:00.000000,922,c
2022-02-08T11:00:00.000000,923,a
2022-02-08T12:00:00.000000,924,d
2022-02-08T13:00:00.000000,925,d
2022-02-08T14:00:00.000000,926,b
2022-02-08T15:00:00.000000,927,e
2022-02-08T16:00:00.000000,928,a
2022-02-08T17:00:00.000000,929,b
2022-02-08T18:00:00.000000,930,c
2022-02-08T19:00:00.000000,931,a
2022-02-08T20:00:00.000000,932,d
2022-02-08T21:00:00.000000,933,d
2022-02-08T22:00:00.000000,934,b
2022-02-08T23:00:00.000000,935,e
2022-02-09T00:00:00.000000,936,a
2022-02-09T01:00:00.000000,937,b
2022-02-09T02:00:00.000000,938,c
2022-02-09T03:00:00.000000,939,a
2022-02-09T04:00:00.000000,940,d
2022-02-09T05:00:00.000000,941,d
2022-02-09T06:00:00.000000,942,b
2022-02-09T07:00:00.000000,943,e
2022-02-09T08:00:00.000000,944,a
2022-02-09T09:00:00.000000,945,b
2022-02-09T10:00:00.000000,946,c
2022-02-09T11:00:00.000000,947,a
2022-02-09T12:00:00.000000,948,d
2022-02-09T13:00:00.000000,949,d
2022-02-09T14:00:00.000000,950,b
2022-02-09T15:00:00.000000,951,e
2022-02-09T16:00:00.000000,952,a
2022-02-09T17:00:00.000000,953,b
2022-02-09T18:00:00.000000,954,c
2022-02-09T19:00:00.000000,955,a
2022-02-09T20:00:00.000000,956,d
2022-02-09T21:00:00.000000,957,d
2022-02-09T22:00:00.000000,958,b
2022-02-09T23:00:00.000000,959,e
2022-02-10T00:00:00.000000,960,a
2022-02-10T01:00:00.000000,961,b
2022-02-10T02:00:00.000000,962,c
2022-02-10T03:00:00.000000,963,a
2022-02-10T04:00:00.000000,964,d
2022-02-10T05:00:00.000000,965,d
2022-02-10T06:00:00.000000,966,b
2022-02-10T07:00:00.000000,967,e
2022-02-10T08:00:00.000000,968,a
2022-02-10T09:00:00.000000,969,b
2022-02-10T10:00:00.000000,970,c
2022-02-10T11:00:00.000000,971,a
2022-02-10T12:00:00.000000,972,d
2022-02-10T13:00:00.000000,973,d
2022-02-10T14:00:00.000000,974,b
2022-02-10T15:00:00.000000,975,e
2022-02-10T16:00:00.000000,976,a
2022-02-10T17:00:00.000000,977,b
2022-02-10T18:00:00.000000,978,c
2022-02-10T19:00:00.000000,979,a
2022-02-10T20:00:00.000000,980,d
2022-02-10T21:00:00.000000,981,d
2022-02-10T22:00:00.000000,982,b
2022-02-10T23:00:00.000000,983,e
2022-02-11T00:00:00.000000,984,a
2022-02-11T01:00:00.000000,985,b
2022-02-11T02:00:00.000000,986,c
2022-02-11T03:00:00.000000,987,a
2022-02-11T04:00:00.000000,988,d
2022-02-11T05:00:00.000000,989,d
2022-02-11T06:00:00.000000,990,b
2022-02-11T07:00:00.000000,991,e
2022-02-11T08:00:00.000000,992,a
2022-02-11T09:00:00.000000,993,b
2022-02-11T10:00:00.000000,994,c
2022-02-11T11:00:00.000000,995,a
2022-02-11T12:00:00.000000,996,d
2022-02-11T13:00:00.000000,997,d
2022-02-11T14:00:00.000000,998,b
2022-02-11T15:00:00.000000,999,e
2022-02-11T16:00:00.000000,1000,a
2022-02-11T17:00:00.000000,1001,b
2022-02-11T18:00:00.000000,1002,c
2022-02-11T19:00:00.000000,1003,a
2022-02-11T20:00:00.000000,1004,d
2022-02-11T21:00:00.000000,1005,d
2022-02-11T22:00:00.000000,1006,b
2022-02-11T23:00:00.000000,1007,e
2022-02-12T00:00:00.000000,1008,a
2022-02-12T01:00:00.000000,1009,b
2022-02-12T02:00:00.000000,1010,c
2022-02-12T03:00:00.000000,1011,a
2022-02-12T04:00:00.000000,1012,d
2022-02-12T05:00:00.000000,1013,d
2022-02-12T06:00:00.000000,1014,b
2022-02-12T07:00:00.000000,1015,e
2022-02-12T08:00:00.000000,1016,a
2022-02-12T09:00:00.000000,1017,b
2022-02-12T10:00:00.000000,1018,c
2022-02-12T11:00:00.000000,1019,a
2022-02-12T12:00:00.000000,1020,d
2022-02-12T13:00:00.000000,1021,d
2022-02-12T14:00:00.000000,1022,b
2022-02-12T15:00:00.000000,1023,e
2022-02-12T16:00:00.000000,1024,a
2022-02-12T17:00:00.000000,1025,b
2022-02-12T18:00:00.000000,1026,c
2022-02-12T19:00:00.000000,1027,a
2022-02-12T20:00:00.000000,1028,d
2022-02-12T21:00:00.000000,1029,d
2022-02-12T22:00:00.000000,1030,b
2022-02-12T23:00:00.000000,1031,e
2022-02-13T00:00:00.000000,1032,a
2022-02-13T01:00:00.000000,1033,b
2022-02-13T02:00:00.000000,1034,c
2022-02-13T03:00:00.000000,1035,a
2022-02-13T04:00:00.000000,1036,d
2022-02-13T05:00:00.000000,1037,d
2022-02-13T06:00:00.000000,1038,b
2022-02-13T07:00:00.000000,1039,e
2022-02-13T08:00:00.000000,1040,a
2022-02-13T09:00:00.000000,1041,b
2022-02-13T10:00:00.000000,1042,c
2022-02-13T11:00:00.000000,1043,a
2022-02-13T12:00:00.000000,1044,d
2022-02-13T13:00:00.000000,1045,d
2022-02-13T14:00:00.000000,1046,b
2022-02-13T15:00:00.000000,1047,e
2022-02-13T16:00:00.000000,1048,a
2022-02-13T17:00:00.000000,1049,b
2022-02-13T18:00:00.000000,1050,c
2022-02-13T19:00:00.000000,1051,a
2022-02-13T20:00:00.000000,1052,d
2022-02-13T21:00:00.000000,1053,d
2022-02-13T22:00:00.000000,1054,b
2022-02-13T23:00:00.000000,1055,e
2022-02-14T00:00:00.000000,1056,a
2022-02-14T01:00:00.000000,1057,b
2022-02-14T02:00:00.000000,1058,c
2022-02-14T03:00:00.000000,1059,a
2022-02-14T04:00:00.000000,1060,d
2022-02-14T05:00:00.000000,1061,d
2022-02-14T06:00:00.000000,1062,b
2022-02-14T07:00:00.000000,1063,e
2022-02-14T08:00:00.000000,1064,a
2022-02-14T09:00:00.000000,1065,b
2022-02-14T10:00:00.000000,1066,c
2022-02-14T11:00:00.000000,1067,a
2022-02-14T12:00:00.000000,1068,d
2022-02-14T13:00:00.000000,1069,d
2022-02-14T14:00:00.000000,1070,b
2022-02-14T15:00:00.000000,1071,e
2022-02-14T16:00:00.000000,1072,a
2022-02-14T17:00:00.000000,1073,b
2022-02-14T18:00:00.000000,1074,c
2022-02-14T19:00:00.000000,1075,a
2022-02-14T20:00:00.000000,1076,d
2022-02-14T21:00:00.000000,1077,d
2022-02-14T22:00:00.000000,1078,b
2022-02-14T23:00:00.000000,1079,e
2022-02-15T00:00:00.000000,1080,a
2022-02-15T01:00:00.000000,1081,b
2022-02-15T02:00:00.000000,1082,c
2022-02-15T03:00:00.000000,1083,a
2022-02-15T04:00:00.000000,1084,d
2022-02-15T05:00:00.000000,1085,d
2022-02-15T06:00:00.000000,1086,b
2022-02-15T07:00:00.000000,1087,e
2022-02-15T08:00:00.000000,1088,a
2022-02-15T09:00:00.000000,1089,b
2022-02-15T10:00:00.000000,1090,c
2022-02-15T11:00:00.000000,1091,a
2022-02-15T12:00:00.000000,1092,d
2022-02-15T13:00:00.000000,1093,d
2022-02-15T14:00:00.000000,1094,b
2022-02-15T15:00:00.000000,1095,e
2022-02-15T16:00:00.000000,1096,a
2022-02-15T17:00:00.000000,1097,b
2022-02-15T18:00:00.000000,1098,c
2022-02-15T19:00:00.000000,1099,a
2022-02-15T20:00:00.000000,1100,d
2022-02-15T21:00:00.000000,1101,d
2022-02-15T22:00:00.000000,1102,b
2022-02-15T23:00:00.000000,1103,e
2022-02-16T00:00:00.000000,1104,a
2022-02-16T01:00:00.000000,1105,b
2022-02-16T02:00:00.000000,1106,c
2022-02-16T03:00:00.000000,1107,a
2022-02-16T04:00:00.000000,1108,d
2022-02-16T05:00:00.000000,1109,d
2022-02-16T06:00:00.000000,1110,b
2022-02-16T07:00:00.000000,1111,e
2022-02-16T08:00:00.000000,1112,a
2022-02-16T09:00:00.000000,1113,b
2022-02-16T10:00:00.000000,1114,c
2022-02-16T11:00:00.000000,1115,a
2022-02-16T12:00:00.000000,1116,d
2022-02-16T13:00:00.000000,1117,d
2022-02-16T14:00:00.000000,1118,b
2022-02-16T15:00:00.000000,1119,e
2022-02-16T16:00:00.000000,1120,a
2022-02-16T17:00:00.000000,1121,b
2022-02-16T18:00:00.000000,1122,c
2022-02-16T19:00:00.000000,1123,a
2022-02-16T20:00:00.000000,1124,d
2022-02-16T21:00:00.000000,1125,d
2022-02-16T22:00:00.000000,1126,b
2022-02-16T23:00:00.000000,1127,e
2022-02-17T00:00:00.000000,1128,a
2022-02-17T01:00:00.000000,1129,b
2022-02-17T02:00:00.000000,1130,c
2022-02-17T03:00:00.000000,1131,a
2022-02-17T04:00:00.000000,1132,d
2022-02-17T05:00:00.000000,1133,d
2022-02-17T06:00:00.000000,1134,b
2022-02-17T07:00:00.000000,1135,e
2022-02-17T08:00:00.000000,1136,a
2022-02-17T09:00:00.000000,1137,b
2022-02-17T10:00:00.000000,1138,c
2022-02-17T11:00:00.000000,1139,a
2022-02-17T12:00:00.000000,1140,d
2022-02-17T13:00:00.000000,1141,d
2022-02-17T14:00:00.000000,1142,b
2022-02-17T15:00:00.000000,1143,e
2022-02-17T16:00:00.000000,1144,a
2022-02-17T17:00:00.000000,1145,b
2022-02-17T18:00:00.000000,1146,c
2022-02-17T19:00:00.000000,1147,a
2022-02-17T20:00:00.000000,1148,d
2022-02-17T21:00:00.000000,1149,d
2022-02-17T22:00:00.000000,1150,b
2022-02-17T23:00:00.000000,1151,e
2022-02-18T00:00:00.000000,1152,a
2022-02-18T01:00:00.000000,1153,b
2022-02-18T02:00:00.000000,1154,c
2022-02-18T03:00:00.000000,1155,a
2022-02-18T04:00:00.000000,1156,d
2022-02-18T05:00:00.000000,1157,d
2022-02-18T06:00:00.000000,1158,b
2022-02-18T07:00:00.000000,1159,e
2022-02-18T08:00:00.000000,1160,a
2022-02-18T09:00:00.000000,1161,b
2022-02-18T10:00:00.000000,1162,c
2022-02-18T11:00:00.000000,1163,a
2022-02-18T12:00:00.000000,1164,d
2022-02-18T13:00:00.000000,1165,d
2022-02-18T14:00:00.000000,1166,b
2022-02-18T15:00:00.000000,1167,e
2022-02-18T16:00:00.000000,1168,a
2022-02-18T17:00:00.000000,1169,b
2022-02-18T18:00:00.000000,1170,c
2022-02-18T19:00:00.000000,1171,a
2022-02-18T20:00:00.000000,1172,d
2022-02-18T21:00:00.000000,1173,d
2022-02-18T22:00:00.000000,1174,b
2022-02-18T23:00:00.000000,1175,e
2022-02-19T00:00:00.000000,1176,a
2022-02-19T01:00:00.000000,1177,b
2022-02-19T02:00:00.000000,1178,c
2022-02-19T03:00:00.000000,1179,a
2022-02-19T04:00:00.000000,1180,d
2022-02-19T05:00:00.000000,1181,d
2022-02-19T06:00:00.000000,1182,b
2022-02-19T07:00:00.000000,1183,e
2022-02-19T08:00:00.000000,1184,a
2022-02-19T09:00:00.000000,1185,b
2022-02-19T10:00:00.000000,1186,c
2022-02-19T11:00:00.000000,1187,a
2022-02-19T12:00:00.000000,1188,d
2022-02-19T13:00:00.000000,1189,d
2022-02-19T14:00:00.000000,1190,b
2022-02-19T15:00:00.000000,1191,e
2022-02-19T16:00:00.000000,1192,a
2022-02-19T17:00:00.000000,1193,b
2022-02-19T18:00:00.000000,1194,c
2022-02-19T19:00:00.000000,1195,a
2022-02-19T20:00:00.000000,1196,d
2022-02-19T21:00:00.000000,1197,d
2022-02-19T22:00:00.000000,1198,b
2022-02-19T23:00:00.000000,1199,e
2022-02-20T00:00:00.000000,1200,a
2022-02-20T01:00:00.000000,1201,b
2022-02-20T02:00:00.000000,1202,c
2022-02-20T03:00:00.000000,1203,a
2022-02-20T04:00:00.000000,1204,d
2022-02-20T05:00:00.000000,1205,d
2022-02-20T06:00:00.000000,1206,b
2022-02-20T07:00:00.000000,1207,e
2022-02-20T08:00:00.000000,1208,a
2022-02-20T09:00:00.000000,1209,b
2022-02-20T10:00:00.000000,1210,c
2022-02-20T11:00:00.000000,1211,a
2022-02-20T12:00:00.000000,1212,d
2022-02-20T13:00:00.000000,1213,d
2022-02-20T14:00:00.000000,1214,b
2022-02-20T15:00:00.000000,1215,e
2022-02-20T16:00:00.000000,1216,a
2022-02-20T17:00:00.000000,1217,b
2022-02-20T18:00:00.000000,1218,c
2022-02-20T19:00:00.000000,1219,a
2022-02-20T20:00:00.000000,1220,d
2022-02-20T21:00:00.000000,1221,d
2022-02-20T22:00:00.000000,1222,b
2022-02-20T23:00:00.000000,1223,e
2022-02-21T00:00:00.000000,1224,a
2022-02-21T01:00:00.000000,1225,b
2022-02-21T02:00:00.000000,1226,c
2022-02-21T03:00:00.000000,1227,a
2022-02-21T04:00:00.000000,1228,d
2022-02-21T05:00:00.000000,1229,d
2022-02-21T06:00:00.000000,1230,b
2022-02-21T07:00:00.000000,1231,e
2022-02-21T08:00:00.000000,1232,a
2022-02-21T09:00:00.000000,1233,b
2022-02-21T10:00:00.000000,1234,c
2022-02-21T11:00:00.000000,1235,a
2022-02-21T12:00:00.000000,1236,d
2022-02-21T13:00:00.000000,1237,d
2022-02-21T14:00:00.000000,1238,b
2022-02-21T15:00:00.000000,1239,e
2022-02-21T16:00:00.000000,1240,a
2022-02-21T17:00:00.000000,1241,b
2022-02-21T18:00:00.000000,1242,c
2022-02-21T19:00:00.000000,1243,a
2022-02-21T20:00:00.000000,1244,d
2022-02-21T21:00:00.000000,1245,d
2022-02-21T22:00:00.000000,1246,b
2022-02-21T23:00:00.000000,1247,e
2022-02-22T00:00:00.000000,1248,a
2022-02-22T01:00:00.000000,1249,b
2022-02-22T02:00:00.000000,1250,c
2022-02-22T03:00:00.000000,1251,a
2022-02-22T04:00:00.000000,1252,d
2022-02-22T05:00:00.000000,1253,d
2022-02-22T06:00:00.000000,1254,b
2022-02-22T07:00:00.000000,1255,e
2022-02-22T08:00:00.000000,1256,a
2022-02-22T09:00:00.000000,1257,b
2022-02-22T10:00:00.000000,1258,c
2022-02-22T11:00:00.000000,1259,a
2022-02-22T12:00:00.000000,1260,d
2022-02-22T13:00:00.000000,1261,d
2022-02-22T14:00:00.000000,1262,b
2022-02-22T15:00:00.000000,1263,e
2022-02-22T16:00:00.000000,1264,a
2022-02-22T17:00:00.000000,1265,b
2022-02-22T18:00:00.000000,1266,c
2022-02-22T19:00:00.000000,1267,a
2022-02-22T20:00:00.000000,1268,d
2022-02-22T21:00:00.000000,1269,d
2022-02-22T22:00:00.000000,1270,b
2022-02-22T23:00:00.000000,1271,e
2022-02-23T00:00:00.000000,1272,a
2022-02-23T01:00:00.000000,1273,b
2022-02-23T02:00:00.000000,1274,c
2022-02-23T03:00:00.000000,1275,a
2022-02-23T04:00:00.000000,1276,d
2022-02-23T05:00:00.000000,1277,d
2022-02-23T06:00:00.000000,1278,b
2022-02-23T07:00:00.000000,1279,e
2022-02-23T08:00:00.000000,1280,a
2022-02-23T09:00:00.000000,1281,b
2022-02-23T10:00:00.000000,1282,c
2022-02-23T11:00:00.000000,1283,a
2022-02-23T12:00:00.000000,1284,d
2022-02-23T13:00:00.000000,1285,d
2022-02-23T14:00:00.000000,1286,b
2022-02-23T15:00:00.000000,1287,e
2022-02-23T16:00:00.000000,1288,a
2022-02-23T17:00:00.000000,1289,b
2022-02-23T18:00:00.000000,1290,c
2022-02-23T19:00:00.000000,1291,a
2022-02-23T20:00:00.000000,1292,d
2022-02-23T21:00:00.000000,1293,d
2022-02-23T22:00:00.000000,1294,b
2022-02-23T23:00:00.000000,1295,e
2022-02-24T00:00:00.000000,1296,a
2022-02-24T01:00:00.000000,1297,b
2022-02-24T02:00:00.000000,1298,c
2022-02-24T03:00:00.000000,1299,a
2022-02-24T04:00:00.000000,1300,d
2022-02-24T05:00:00.000000,1301,d
2022-02-24T06:00:00.000000,1302,b
2022-02-24T07:00:00.000000,1303,e
2022-02-24T08:00:00.000000,1304,a
2022-02-24T09:00:00.000000,1305,b
2022-02-24T10:00:00.000000,1306,c
2022-02-24T11:00:00.000000,1307,a
2022-02-24T12:00:00.000000,1308,d
2022-02-24T13:00:00.000000,1309,d
2022-02-24T14:00:00.000000,1310,b
2022-02-24T15:00:00.000000,1311,e
2022-02-24T16:00:00.000000,1312,a
2022-02-24T17:00:00.000000,1313,b
2022-02-24T18:00:00.000000,1314,c
2022-02-24T19:00:00.000000,1315,a
2022-02-24T20:00:00.000000,1316,d
2022-02-24T21:00:00.000000,1317,d
2022-02-24T22:00:00.000000,1318,b
2022-02-24T23:00:00.000000,1319,e
2022-02-25T00:00:00.000000,1320,a
2022-02-25T01:00:00.000000,1321,b
2022-02-25T02:00:00.000000,1322,c
2022-02-25T03:00:00.000000,1323,a
2022-02-25T04:00:00.000000,1324,d
2022-02-25T05:00:00.000000,1325,d
2022-02-25T06:00:00.000000,1326,b
2022-02-25T07:00:00.000000,1327,e
2022-02-25T08:00:00.000000,1328,a
2022-02-25T09:00:00.000000,1329,b
2022-02-25T10:00:00.000000,1330,c
2022-02-25T11:00:00.000000,1331,a
2022-02-25T12:00:00.000000,1332,d
2022-02-25T13:00:00.000000,1333,d
2022-02-25T14:00:00.000000,1334,b
2022-02-25T15:00:00.000000,1335,e
2022-02-25T16:00:00.000000,1336,a
2022-02-25T17:00:00.000000,1337,b
2022-02-25T18:00:00.000000,1338,c
2022-02-25T19:00:00.000000,1339,a
2022-02-25T20:00:00.000000,1340,d
2022-02-25T21:00:00.000000,1341,d
2022-02-25T22:00:00.000000,1342,b
2022-02-25T23:00:00.000000,1343,e
2022-02-26T00:00:00.000000,1344,a
2022-02-26T01:00:00.000000,1345,b
2022-02-26T02:00:00.000000,1346,c
2022-02-26T03:00:00.000000,1347,a
2022-02-26T04:00:00.000000,1348,d
2022-02-26T05:00:00.000000,1349,d
2022-02-26T06:00:00.000000,1350,b
2022-02-26T07:00:00.000000,1351,e
2022-02-26T08:00:00.000000,1352,a
2022-02-26T09:00:00.000000,1353,b
2022-02-26T10:00:00.000000,1354,c
2022-02-26T11:00:00.000000,1355,a
2022-02-26T12:00:00.000000,1356,d
2022-02-26T13:00:00.000000,1357,d
2022-02-26T14:00:00.000000,1358,b
2022-02-26T15:00:00.000000,1359,e
2022-02-26T16:00:00.000000,1360,a
2022-02-26T17:00:00.000000,1361,b
2022-02-26T18:00:00.000000,1362,c
2022-02-26T19:00:00.000000,1363,a
2022-02-26T20:00:00.000000,1364,d
2022-02-26T21:00:00.000000,1365,d
2022-02-26T22:00:00.000000,1366,b
2022-02-26T23:00:00.000000,1367,e
2022-02-27T00:00:00.000000,1368,a
2022-02-27T01:00:00.000000,1369,b
2022-02-27T02:00:00.000000,1370,c
2022-02-27T03:00:00.000000,1371,a
2022-02-27T04:00:00.000000,1372,d
2022-02-27T05:00:00.000000,1373,d
2022-02-27T06:00:00.000000,1374,b
2022-02-27T07:00:00.000000,1375,e
2022-02-27T08:00:00.000000,1376,a
2022-02-27T09:00:00.000000,1377,b
2022-02-27T10:00:00.000000,1378,c
2022-02-27T11:00:00.000000,1379,a
2022-02-27T12:00:00.000000,1380,d
2022-02-27T13:00:00.000000,1381,d
2022-02-27T14:00:00.000000,1382,b
2022-02-27T15:00:00.000000,1383,e
2022-02-27T16:00:00.000000,1384,a
2022-02-27T17:00:00.000000,1385,b
2022-02-27T18:00:00.000000,1386,c
2022-02-27T19:00:00.000000,1387,a
2022-02-27T20:00:00.000000,1388,d
2022-02-27T21:00:00.000000,1389,d
2022-02-27T22:00:00.000000,1390,b
2022-02-27T23:00:00.000000,1391,e
2022-02-28T00:00:00.000000,1392,a
2022-02-28T01:00:00.000000,1393,b
2022-02-28T02:00:00.000000,1394,c
2022-02-28T03:00:00.000000,1395,a
2022-02-28T04:00:00.000000,1396,d
2022-02-28T05:00:00.000000,1397,d
2022-02-28T06:00:00.000000,1398,b
2022-02-28T07:00:00.000000,1399,e
2022-02-28T08:00:00.000000,1400,a
2022-02-28T09:00:00.000000,1401,b
2022-02-28T10:00:00.000000,1402,c
2022-02-28T11:00:00.000000,1403,a
2022-02-28T12:00:00.000000,1404,d
2022-02-28T13:00:00.000000,1405,d
2022-02-28T14:00:00.000000,1406,b
2022-02-28T15:00:00.000000,1407,e
2022-02-28T16:00:00.000000,1408,a
2022-02-28T17:00:00.000000,1409,b
2022-02-28T18:00:00.000000,1410,c
2022-02-28T19:00:00.000000,1411,a
2022-02-28T20:00:00.000000,1412,d
2022-02-28T21:00:00.000000,1413,d
2022-02-28T22:00:00.000000,1414,b
2022-02-28T23:00:00.000000,1415,e
2022-03-01T00:00:00.000000,1416,a
2022-03-01T01:00:00.000000,1417,b
2022-03-01T02:00:00.000000,1418,c
2022-03-01T03:00:00.000000,1419,a
2022-03-01T04:00:00.000000,1420,d
2022-03-01T05:00:00.000000,1421,d
2022-03-01T06:00:00.000000,1422,b
2022-03-01T07:00:00.000000,1423,e
2022-03-01T08:00:00.000000,1424,a
2022-03-01T09:00:00.000000,1425,b
2022-03-01T10:00:00.000000,1426,c
2022-03-01T11:00:00.000000,1427,a
2022-03-01T12:00:00.000000,1428,d
2022-03-01T13:00:00.000000,1429,d
2022-03-01T14:00:00.000000,1430,b
2022-03-01T15:00:00.000000,1431,e
2022-03-01T16:00:00.000000,1432,a
2022-03-01T17:00:00.000000,1433,b
2022-03-01T18:00:00.000000,1434,c
2022-03-01T19:00:00.000000,1435,a
2022-03-01T20:00:00.000000,1436,d
2022-03-01T21:00:00.000000,1437,d
2022-03-01T22:00:00.000000,1438,b
2022-03-01T23:00:00.000000,1439,e
2022-03-02T00:00:00.000000,1440,a
2022-03-02T01:00:00.000000,1441,b
2022-03-02T02:00:00.000000,1442,c
2022-03-02T03:00:00.000000,1443,a
2022-03-02T04:00:00.000000,1444,d
2022-03-02T05:00:00.000000,1445,d
2022-03-02T06:00:00.000000,1446,b
2022-03-02T07:00:00.000000,1447,e
2022-03-02T08:00:00.000000,1448,a
2022-03-02T09:00:00.000000,1449,b
2022-03-02T10:00:00.000000,1450,c
2022-03-02T11:00:00.000000,1451,a
2022-03-02T12:00:00.000000,1452,d
2022-03-02T13:00:00.000000,1453,d
2022-03-02T14:00:00.000000,1454,b
2022-03-02T15:00:00.000000,1455,e
2022-03-02T16:00:00.000000,1456,a
2022-03-02T17:00:00.000000,1457,b
2022-03-02T18:00:00.000000,1458,c
2022-03-02T19:00:00.000000,1459,a
2022-03-02T20:00:00.000000,1460,d
2022-03-02T21:00:00.000000,1461,d
2022-03-02T22:00:00.000000,1462,b
2022-03-02T23:00:00.000000,1463,e
2022-03-03T00:00:00.000000,1464,a
2022-03-03T01:00:00.000000,1465,b
2022-03-03T02:00:00.000000,1466,c
2022-03-03T03:00:00.000000,1467,a
2022-03-03T04:00:00.000000,1468,d
2022-03-03T05:00:00.000000,1469,d
2022-03-03T06:00:00.000000,1470,b
2022-03-03T07:00:00.000000,1471,e
2022-03-03T08:00:00.000000,1472,a
2022-03-03T09:00:00.000000,1473,b
2022-03-03T10:00:00.000000,1474,c
2022-03-03T11:00:00.000000,1475,a
2022-03-03T12:00:00.000000,1476,d
2022-03-03T13:00:00.000000,1477,d
2022-03-03T14:00:00.000000,1478,b
2022-03-03T15:00:00.000000,1479,e
2022-03-03T16:00:00.000000,1480,a
2022-03-03T17:00:00.000000,1481,b
2022-03-03T18:00:00.000000,1482,c
2022-03-03T19:00:00.000000,1483,a
2022-03-03T20:00:00.000000,1484,d
2022-03-03T21:00:00.000000,1485,d
2022-03-03T22:00:00.000000,1486,b
2022-03-03T23:00:00.000000,1487,e
2022-03-04T00:00:00.000000,1488,a
2022-03-04T01:00:00.000000,1489,b
2022-03-04T02:00:00.000000,1490,c
2022-03-04T03:00:00.000000,1491,a
2022-03-04T04:00:00.000000,1492,d
2022-03-04T05:00:00.000000,1493,d
2022-03-04T06:00:00.000000,1494,b
2022-03-04T07:00:00.000000,1495,e
2022-03-04T08:00:00.000000,1496,a
2022-03-04T09:00:00.000000,1497,b
2022-03-04T10:00:00.000000,1498,c
2022-03-04T11:00:00.000000,1499,a
2022-03-04T12:00:00.000000,1500,d
2022-03-04T13:00:00.000000,1501,d
2022-03-04T14:00:00.000000,1502,b
2022-03-04T15:00:00.000000,1503,e
2022-03-04T16:00:00.000000,1504,a
2022-03-04T17:00:00.000000,1505,b
2022-03-04T18:00:00.000000,1506,c
2022-03-04T19:00:00.000000,1507,a
2022-03-04T20:00:00.000000,1508,d
2022-03-04T21:00:00.000000,1509,d
2022-03-04T22:00:00.000000,1510,b
2022-03-04T23:00:00.000000,1511,e
2022-03-05T00:00:00.000000,1512,a
2022-03-05T01:00:00.000000,1513,b
2022-03-05T02:00:00.000000,1514,c
2022-03-05T03:00:00.000000,1515,a
2022-03-05T04:00:00.000000,1516,d
2022-03-05T05:00:00.000000,1517,d
2022-03-05T06:00:00.000000,1518,b
2022-03-05T07:00:00.000000,1519,e
2022-03-05T08:00:00.000000,1520,a
2022-03-05T09:00:00.000000,1521,b
2022-03-05T10:00:00.000000,1522,c
2022-03-05T11:00:00.000000,1523,a
2022-03-05T12:00:00.000000,1524,d
2022-03-05T13:00:00.000000,1525,d
2022-03-05T14:00:00.000000,1526,b
2022-03-05T15:00:00.000000,1527,e
2022-03-05T16:00:00.000000,1528,a
2022-03-05T17:00:00.000000,1529,b
2022-03-05T18:00:00.000000,1530,c
2022-03-05T19:00:00.000000,1531,a
2022-03-05T20:00:00.000000,1532,d
2022-03-05T21:00:00.000000,1533,d
2022-03-05T22:00:00.000000,1534,b
2022-03-05T23:00:00.000000,1535,e
2022-03-06T00:00:00.000000,1536,a
2022-03-06T01:00:00.000000,1537,b
2022-03-06T02:00:00.000000,1538,c
2022-03-06T03:00:00.000000,1539,a
2022-03-06T04:00:00.000000,1540,d
2022-03-06T05:00:00.000000,1541,d
2022-03-06T06:00:00.000000,1542,b
2022-03-06T07:00:00.000000,1543,e
2022-03-06T08:00:00.000000,1544,a
2022-03-06T09:00:00.000000,1545,b
2022-03-06T10:00:00.000000,1546,c
2022-03-06T11:00:00.000000,1547,a
2022-03-06T12:00:00.000000,1548,d
2022-03-06T13:00:00.000000,1549,d
2022-03-06T14:00:00.000000,1550,b
2022-03-06T15:00:00.000000,1551,e
2022-03-06T16:00:00.000000,1552,a
2022-03-06T17:00:00.000000,1553,b
2022-03-06T18:00:00.000000,1554,c
2022-03-06T19:00:00.000000,1555,a
2022-03-06T20:00:00.000000,1556,d
2022-03-06T21:00:00.000000,1557,d
2022-03-06T22:00:00.000000,1558,b
2022-03-06T23:00:00.000000,1559,e
2022-03-07T00:00:00.000000,1560,a
2022-03-07T01:00:00.000000,1561,b
2022-03-07T02:00:00.000000,1562,c
2022-03-07T03:00:00.000000,1563,a
2022-03-07T04:00:00.000000,1564,d
2022-03-07T05:00:00.000000,1565,d
2022-03-07T06:00:00.000000,1566,b
2022-03-07T07:00:00.000000,1567,e
2022-03-07T08:00:00.000000,1568,a
2022-03-07T09:00:00.000000,1569,b
2022-03-07T10:00:00.000000,1570,c
2022-03-07T11:00:00.000000,1571,a
2022-03-07T12:00:00.000000,1572,d
2022-03-07T13:00:00.000000,1573,d
2022-03-07T14:00:00.000000,1574,b
2022-03-07T15:00:00.000000,1575,e
2022-03-07T16:00:00.000000,1576,a
2022-03-07T17:00:00.000000,1577,b
2022-03-07T18:00:00.000000,1578,c
2022-03-07T19:00:00.000000,1579,a
2022-03-07T20:00:00.000000,1580,d
2022-03-07T21:00:00.000000,1581,d
2022-03-07T22:00:00.000000,1582,b
2022-03-07T23:00:00.000000,1583,e
2022-03-08T00:00:00.000000,1584,a
2022-03-08T01:00:00.000000,1585,b
2022-03-08T02:00:00.000000,1586,c
2022-03-08T03:00:00.000000,1587,a
2022-03-08T04:00:00.000000,1588,d
2022-03-08T05:00:00.000000,1589,d
2022-03-08T06:00:00.000000,1590,b
2022-03-08T07:00:00.000000,1591,e
2022-03-08T08:00:00.000000,1592,a
2022-03-08T09:00:00.000000,1593,b
2022-03-08T10:00:00.000000,1594,c
2022-03-08T11:00:00.000000,1595,a
2022-03-08T12:00:00.000000,1596,d
2022-03-08T13:00:00.000000,1597,d
2022-03-08T14:00:00.000000,1598,b
2022-03-08T15:00:00.000000,1599,e
2022-03-08T16:00:00.000000,1600,a
2022-03-08T17:00:00.000000,1601,b
2022-03-08T18:00:00.000000,1602,c
2022-03-08T19:00:00.000000,1603,a
2022-03-08T20:00:00.000000,1604,d
2022-03-08T21:00:00.000000,1605,d
2022-03-08T22:00:00.000000,1606,b
2022-03-08T23:00:00.000000,1607,e
2022-03-09T00:00:00.000000,1608,a
2022-03-09T01:00:00.000000,1609,b
2022-03-09T02:00:00.000000,1610,c
2022-03-09T03:00:00.000000,1611,a
2022-03-09T04:00:00.000000,1612,d
2022-03-09T05:00:00.000000,1613,d
2022-03-09T06:00:00.000000,1614,b
2022-03-09T07:00:00.000000,1615,e
2022-03-09T08:00:00.000000,1616,a
2022-03-09T09:00:00.000000,1617,b
2022-03-09T10:00:00.000000,1618,c
2022-03-09T11:00:00.000000,1619,a
2022-03-09T12:00:00.000000,1620,d
2022-03-09T13:00:00.000000,1621,d
2022-03-09T14:00:00.000000,1622,b
2022-03-09T15:00:00.000000,1623,e
2022-03-09T16:00:00.000000,1624,a
2022-03-09T17:00:00.000000,1625,b
2022-03-09T18:00:00.000000,1626,c
2022-03-09T19:00:00.000000,1627,a
2022-03-09T20:00:00.000000,1628,d
2022-03-09T21:00:00.000000,1629,d
2022-03-09T22:00:00.000000,1630,b
2022-03-09T23:00:00.000000,1631,e
2022-03-10T00:00:00.000000,1632,a
2022-03-10T01:00:00.000000,1633,b
2022-03-10T02:00:00.000000,1634,c
2022-03-10T03:00:00.000000,1635,a
2022-03-10T04:00:00.000000,1636,d
2022-03-10T05:00:00.000000,1637,d
2022-03-10T06:00:00.000000,1638,b
2022-03-10T07:00:00.000000,1639,e
2022-03-10T08:00:00.000000,1640,a
2022-03-10T09:00:00.000000,1641,b
2022-03-10T10:00:00.000000,1642,c
2022-03-10T11:00:00.000000,1643,a
2022-03-10T12:00:00.000000,1644,d
2022-03-10T13:00:00.000000,1645,d
2022-03-10T14:00:00.000000,1646,b
2022-03-10T15:00:00.000000,1647,e
2022-03-10T16:00:00.000000,1648,a
2022-03-10T17:00:00.000000,1649,b
2022-03-10T18:00:00.000000,1650,c
2022-03-10T19:00:00.000000,1651,a
2022-03-10T20:00:00.000000,1652,d
2022-03-10T21:00:00.000000,1653,d
2022-03-10T22:00:00.000000,1654,b
2022-03-10T23:00:00.000000,1655,e
2022-03-11T00:00:00.000000,1656,a
2022-03-11T01:00:00.000000,1657,b
2022-03-11T02:00:00.000000,1658,c
2022-03-11T03:00:00.000000,1659,a
2022-03-11T04:00:00.000000,1660,d
2022-03-11T05:00:00.000000,1661,d
2022-03-11T06:00:00.000000,1662,b
2022-03-11T07:00:00.000000,1663,e
2022-03-11T08:00:00.000000,1664,a
2022-03-11T09:00:00.000000,1665,b
2022-03-11T10:00:00.000000,1666,c
2022-03-11T11:00:00.000000,1667,a
2022-03-11T12:00:00.000000,1668,d
2022-03-11T13:00:00.000000,1669,d
2022-03-11T14:00:00.000000,1670,b
2022-03-11T15:00:00.000000,1671,e
2022-03-11T16:00:00.000000,1672,a
2022-03-11T17:00:00.000000,1673,b
2022-03-11T18:00:00.000000,1674,c
2022-03-11T19:00:00.000000,1675,a
2022-03-11T20:00:00.000000,1676,d
2022-03-11T21:00:00.000000,1677,d
2022-03-11T22:00:00.000000,1678,b
2022-03-11T23:00:00.000000,1679,e
2022-03-12T00:00:00.000000,1680,a
2022-03-12T01:00:00.000000,1681,b
2022-03-12T02:00:00.000000,1682,c
2022-03-12T03:00:00.000000,1683,a
2022-03-12T04:00:00.000000,1684,d
2022-03-12T05:00:00.000000,1685,d
2022-03-12T06:00:00.000000,1686,b
2022-03-12T07:00:00.000000,1687,e
2022-03-12T08:00:00.000000,1688,a
2022-03-12T09:00:00.000000,1689,b
2022-03-12T10:00:00.000000,1690,c
2022-03-12T11:00:00.000000,1691,a
2022-03-12T12:00:00.000000,1692,d
2022-03-12T13:00:00.000000,1693,d
2022-03-12T14:00:00.000000,1694,b
2022-03-12T15:00:00.000000,1695,e
2022-03-12T16:00:00.000000,1696,a
2022-03-12T17:00:00.000000,1697,b
2022-03-12T18:00:00.000000,1698,c
2022-03-12T19:00:00.000000,1699,a
2022-03-12T20:00:00.000000,1700,d
2022-03-12T21:00:00.000000,1701,d
2022-03-12T22:00:00.000000,1702,b
2022-03-12T23:00:00.000000,1703,e
2022-03-13T00:00:00.000000,1704,a
2022-03-13T01:00:00.000000,1705,b
2022-03-13T02:00:00.000000,1706,c
2022-03-13T03:00:00.000000,1707,a
2022-03-13T04:00:00.000000,1708,d
2022-03-13T05:00:00.000000,1709,d
2022-03-13T06:00:00.000000,1710,b
2022-03-13T07:00:00.000000,1711,e
2022-03-13T08:00:00.000000,1712,a
2022-03-13T09:00:00.000000,1713,b
2022-03-13T10:00:00.000000,1714,c
2022-03-13T11:00:00.000000,1715,a
2022-03-13T12:00:00.000000,1716,d
2022-03-13T13:00:00.000000,1717,d
2022-03-13T14:00:00.000000,1718,b
2022-03-13T15:00:00.000000,1719,e
2022-03-13T16:00:00.000000,1720,a
2022-03-13T17:00:00.000000,1721,b
2022-03-13T18:00:00.000000,1722,c
2022-03-13T19:00:00.000000,1723,a
2022-03-13T20:00:00.000000,1724,d
2022-03-13T21:00:00.000000,1725,d
2022-03-13T22:00:00.000000,1726,b
2022-03-13T23:00:00.000000,1727,e
2022-03-14T00:00:00.000000,1728,a
2022-03-14T01:00:00.000000,1729,b
2022-03-14T02:00:00.000000,1730,c
2022-03-14T03:00:00.000000,1731,a
2022-03-14T04:00:00.000000,1732,d
2022-03-14T05:00:00.000000,1733,d
2022-03-14T06:00:00.000000,1734,b
2022-03-14T07:00:00.000000,1735,e
2022-03-14T08:00:00.000000,1736,a
2022-03-14T09:00:00.000000,1737,b
2022-03-14T10:00:00.000000,1738,c
2022-03-14T11:00:00.000000,1739,a
2022-03-14T12:00:00.000000,1740,d
2022-03-14T13:00:00.000000,1741,d
2022-03-14T14:00:00.000000,1742,b
2022-03-14T15:00:00.000000,1743,e
2022-03-14T16:00:00.000000,1744,a
2022-03-14T17:00:00.000000,1745,b
2022-03-14T18:00:00.000000,1746,c
2022-03-14T19:00:00.000000,1747,a
2022-03-14T20:00:00.000000,1748,d
2022-03-14T21:00:00.000000,1749,d
2022-03-14T22:00:00.000000,1750,b
2022-03-14T23:00:00.000000,1751,e
2022-03-15T00:00:00.000000,1752,a
2022-03-15T01:00:00.000000,1753,b
2022-03-15T02:00:00.000000,1754,c
2022-03-15T03:00:00.000000,1755,a
2022-03-15T04:00:00.000000,1756,d
2022-03-15T05:00:00.000000,1757,d
2022-03-15T06:00:00.000000,1758,b
2022-03-15T07:00:00.000000,1759,e
2022-03-15T08:00:00.000000,1760,a
2022-03-15T09:00:00.000000,1761,b
2022-03-15T10:00:00.000000,1762,c
2022-03-15T11:00:00.000000,1763,a
2022-03-15T12:00:00.000000,1764,d
2022-03-15T13:00:00.000000,1765,d
2022-03-15T14:00:00.000000,1766,b
2022-03-15T15:00:00.000000,1767,e
2022-03-15T16:00:00.000000,1768,a
2022-03-15T17:00:00.000000,1769,b
2022-03-15T18:00:00.000000,1770,c
2022-03-15T19:00:00.000000,1771,a
2022-03-15T20:00:00.000000,1772,d
2022-03-15T21:00:00.000000,1773,d
2022-03-15T22:00:00.000000,1774,b
2022-03-15T23:00:00.000000,1775,e
2022-03-16T00:00:00.000000,1776,a
2022-03-16T01:00:00.000000,1777,b
2022-03-16T02:00:00.000000,1778,c
2022-03-16T03:00:00.000000,1779,a
2022-03-16T04:00:00.000000,1780,d
2022-03-16T05:00:00.000000,1781,d
2022-03-16T06:00:00.000000,1782,b
2022-03-16T07:00:00.000000,1783,e
2022-03-16T08:00:00.000000,1784,a
2022-03-16T09:00:00.000000,1785,b
2022-03-16T10:00:00.000000,1786,c
2022-03-16T11:00:00.000000,1787,a
2022-03-16T12:00:00.000000,1788,d
2022-03-16T13:00:00.000000,1789,d
2022-03-16T14:00:00.000000,1790,b
2022-03-16T15:00:00.000000,1791,e
2022-03-16T16:00:00.000000,1792,a
2022-03-16T17:00:00.000000,1793,b
2022-03-16T18:00:00.000000,1794,c
2022-03-16T19:00:00.000000,1795,a
2022-03-16T20:00:00.000000,1796,d
2022-03-16T21:00:00.000000,1797,d
2022-03-16T22:00:00.000000,1798,b
2022-03-16T23:00:00.000000,1799,e
2022-03-17T00:00:00.000000,1800,a
2022-03-17T01:00:00.000000,1801,b
2022-03-17T02:00:00.000000,1802,c
2022-03-17T03:00:00.000000,1803,a
2022-03-17T04:00:00.000000,1804,d
2022-03-17T05:00:00.000000,1805,d
2022-03-17T06:00:00.000000,1806,b
2022-03-17T07:00:00.000000,1807,e
2022-03-17T08:00:00.000000,1808,a
2022-03-17T09:00:00.000000,1809,b
2022-03-17T10:00:00.000000,1810,c
2022-03-17T11:00:00.000000,1811,a
2022-03-17T12:00:00.000000,1812,d
2022-03-17T13:00:00.000000,1813,d
2022-03-17T14:00:00.000000,1814,b
2022-03-17T15:00:00.000000,1815,e
2022-03-17T16:00:00.000000,1816,a
2022-03-17T17:00:00.000000,1817,b
2022-03-17T18:00:00.000000,1818,c
2022-03-17T19:00:00.000000,1819,a
2022-03-17T20:00:00.000000,1820,d
2022-03-17T21:00:00.000000,1821,d
2022-03-17T22:00:00.000000,1822,b
2022-03-17T23:00:00.000000,1823,e
2022-03-18T00:00:00.000000,1824,a
2022-03-18T01:00:00.000000,1825,b
2022-03-18T02:00:00.000000,1826,c
2022-03-18T03:00:00.000000,1827,a
2022-03-18T04:00:00.000000,1828,d
2022-03-18T05:00:00.000000,1829,d
2022-03-18T06:00:00.000000,1830,b
2022-03-18T07:00:00.000000,1831,e
2022-03-18T08:00:00.000000,1832,a
2022-03-18T09:00:00.000000,1833,b
2022-03-18T10:00:00.000000,1834,c
2022-03-18T11:00:00.000000,1835,a
2022-03-18T12:00:00.000000,1836,d
2022-03-18T13:00:00.000000,1837,d
2022-03-18T14:00:00.000000,1838,b
2022-03-18T15:00:00.000000,1839,e
2022-03-18T16:00:00.000000,1840,a
2022-03-18T17:00:00.000000,1841,b
2022-03-18T18:00:00.000000,1842,c
2022-03-18T19:00:00.000000,1843,a
2022-03-18T20:00:00.000000,1844,d
2022-03-18T21:00:00.000000,1845,d
2022-03-18T22:00:00.000000,1846,b
2022-03-18T23:00:00.000000,1847,e
2022-03-19T00:00:00.000000,1848,a
2022-03-19T01:00:00.000000,1849,b
2022-03-19T02:00:00.000000,1850,c
2022-03-19T03:00:00.000000,1851,a
2022-03-19T04:00:00.000000,1852,d
2022-03-19T05:00:00.000000,1853,d
2022-03-19T06:00:00.000000,1854,b
2022-03-19T07:00:00.000000,1855,e
2022-03-19T08:00:00.000000,1856,a
2022-03-19T09:00:00.000000,1857,b
2022-03-19T10:00:00.000000,1858,c
2022-03-19T11:00:00.000000,1859,a
2022-03-19T12:00:00.000000,1860,d
2022-03-19T13:00:00.000000,1861,d
2022-03-19T14:00:00.000000,1862,b
2022-03-19T15:00:00.000000,1863,e
2022-03-19T16:00:00.000000,1864,a
2022-03-19T17:00:00.000000,1865,b
2022-03-19T18:00:00.000000,1866,c
2022-03-19T19:00:00.000000,1867,a
2022-03-19T20:00:00.000000,1868,d
2022-03-19T21:00:00.000000,1869,d
2022-03-19T22:00:00.000000,1870,b
2022-03-19T23:00:00.000000,1871,e
2022-03-20T00:00:00.000000,1872,a
2022-03-20T01:00:00.000000,1873,b
2022-03-20T02:00:00.000000,1874,c
2022-03-20T03:00:00.000000,1875,a
2022-03-20T04:00:00.000000,1876,d
2022-03-20T05:00:00.000000,1877,d
2022-03-20T06:00:00.000000,1878,b
2022-03-20T07:00:00.000000,1879,e
2022-03-20T08:00:00.000000,1880,a
2022-03-20T09:00:00.000000,1881,b
2022-03-20T10:00:00.000000,1882,c
2022-03-20T11:00:00.000000,1883,a
2022-03-20T12:00:00.000000,1884,d
2022-03-20T13:00:00.000000,1885,d
2022-03-20T14:00:00.000000,1886,b
2022-03-20T15:00:00.000000,1887,e
2022-03-20T16:00:00.000000,1888,a
2022-03-20T17:00:00.000000,1889,b
2022-03-20T18:00:00.000000,1890,c
2022-03-20T19:00:00.000000,1891,a
2022-03-20T20:00:00.000000,1892,d
2022-03-20T21:00:00.000000,1893,d
2022-03-20T22:00:00.000000,1894,b
2022-03-20T23:00:00.000000,1895,e
2022-03-21T00:00:00.000000,1896,a
2022-03-21T01:00:00.000000,1897,b
2022-03-21T02:00:00.000000,1898,c
2022-03-21T03:00:00.000000,1899,a
2022-03-21T04:00:00.000000,1900,d
2022-03-21T05:00:00.000000,1901,d
2022-03-21T06:00:00.000000,1902,b
2022-03-21T07:00:00.000000,1903,e
2022-03-21T08:00:00.000000,1904,a
2022-03-21T09:00:00.000000,1905,b
2022-03-21T10:00:00.000000,1906,c
2022-03-21T11:00:00.000000,1907,a
2022-03-21T12:00:00.000000,1908,d
2022-03-21T13:00:00.000000,1909,d
2022-03-21T14:00:00.000000,1910,b
2022-03-21T15:00:00.000000,1911,e
2022-03-21T16:00:00.000000,1912,a
2022-03-21T17:00:00.000000,1913,b
2022-03-21T18:00:00.000000,1914,c
2022-03-21T19:00:00.000000,1915,a
2022-03-21T20:00:00.000000,1916,d
2022-03-21T21:00:00.000000,1917,d
2022-03-21T22:00:00.000000,1918,b
2022-03-21T23:00:00.000000,1919,e
2022-03-22T00:00:00.000000,1920,a
2022-03-22T01:00:00.000000,1921,b
2022-03-22T02:00:00.000000,1922,c
2022-03-22T03:00:00.000000,1923,a
2022-03-22T04:00:00.000000,1924,d
2022-03-22T05:00:00.000000,1925,d
2022-03-22T06:00:00.000000,1926,b
2022-03-22T07:00:00.000000,1927,e
2022-03-22T08:00:00.000000,1928,a
2022-03-22T09:00:00.000000,1929,b
2022-03-22T10:00:00.000000,1930,c
2022-03-22T11:00:00.000000,1931,a
2022-03-22T12:00:00.000000,1932,d
2022-03-22T13:00:00.000000,1933,d
2022-03-22T14:00:00.000000,1934,b
2022-03-22T15:00:00.000000,1935,e
2022-03-22T16:00:00.000000,1936,a
2022-03-22T17:00:00.000000,1937,b
2022-03-22T18:00:00.000000,1938,c
2022-03-22T19:00:00.000000,1939,a
2022-03-22T20:00:00.000000,1940,d
2022-03-22T21:00:00.000000,1941,d
2022-03-22T22:00:00.000000,1942,b
2022-03-22T23:00:00.000000,1943,e
2022-03-23T00:00:00.000000,1944,a
2022-03-23T01:00:00.000000,1945,b
2022-03-23T02:00:00.000000,1946,c
2022-03-23T03:00:00.000000,1947,a
2022-03-23T04:00:00.000000,1948,d
2022-03-23T05:00:00.000000,1949,d
2022-03-23T06:00:00.000000,1950,b
2022-03-23T07:00:00.000000,1951,e
2022-03-23T08:00:00.000000,1952,a
2022-03-23T09:00:00.000000,1953,b
2022-03-23T10:00:00.000000,1954,c
2022-03-23T11:00:00.000000,1955,a
2022-03-23T12:00:00.000000,1956,d
2022-03-23T13:00:00.000000,1957,d
2022-03-23T14:00:00.000000,1958,b
2022-03-23T15:00:00.000000,1959,e
2022-03-23T16:00:00.000000,1960,a
2022-03-23T17:00:00.000000,1961,b
2022-03-23T18:00:00.000000,1962,c
2022-03-23T19:00:00.000000,1963,a
2022-03-23T20:00:00.000000,1964,d
2022-03-23T21:00:00.000000,1965,d
2022-03-23T22:00:00.000000,1966,b
2022-03-23T23:00:00.000000,1967,e
2022-03-24T00:00:00.000000,1968,a
2022-03-24T01:00:00.000000,1969,b
2022-03-24T02:00:00.000000,1970,c
2022-03-24T03:00:00.000000,1971,a
2022-03-24T04:00:00.000000,1972,d
2022-03-24T05:00:00.000000,1973,d
2022-03-24T06:00:00.000000,1974,b
2022-03-24T07:00:00.000000,1975,e
2022-03-24T08:00:00.000000,1976,a
2022-03-24T09:00:00.000000,1977,b
2022-03-24T10:00:00.000000,1978,c
2022-03-24T11:00:00.000000,1979,a
2022-03-24T12:00:00.000000,1980,d
2022-03-24T13:00:00.000000,1981,d
2022-03-24T14:00:00.000000,1982,b
2022-03-24T15:00:00.000000,1983,e
2022-03-24T16:00:00.000000,1984,a
2022-03-24T17:00:00.000000,1985,b
2022-03-24T18:00:00.000000,1986,c
2022-03-24T19:00:00.000000,1987,a
2022-03-24T20:00:00.000000,1988,d
2022-03-24T21:00:00.000000,1989,d
2022-03-24T22:00:00.000000,1990,b
2022-03-24T23:00:00.000000,1991,e
2022-03-25T00:00:00.000000,1992,a
2022-03-25T01:00:00.000000,1993,b
2022-03-25T02:00:00.000000,1994,c
2022-03-25T03:00:00.000000,1995,a
2022-03-25T04:00:00.000000,1996,d
2022-03-25T05:00:00.000000,1997,d
2022-03-25T06:00:00.000000,1998,b
2022-03-25T07:00:00.000000,1999,e
2022-03-25T08:00:00.000000,2000,a
2022-03-25T09:00:00.000000,2001,b
2022-03-25T10:00:00.000000,2002,c
2022-03-25T11:00:00.000000,2003,a
2022-03-25T12:00:00.000000,2004,d
2022-03-25T13:00:00.000000,2005,d
2022-03-25T14:00:00.000000,2006,b
2022-03-25T15:00:00.000000,2007,e
2022-03-25T16:00:00.000000,2008,a
2022-03-25T17:00:00.000000,2009,b
2022-03-25T18:00:00.000000,2010,c
2022-03-25T19:00:00.000000,2011,a
2022-03-25T20:00:00.000000,2012,d
2022-03-25T21:00:00.000000,2013,d
2022-03-25T22:00:00.000000,2014,b
2022-03-25T23:00:00.000000,2015,e
2022-03-26T00:00:00.000000,2016,a
2022-03-26T01:00:00.000000,2017,b
2022-03-26T02:00:00.000000,2018,c
2022-03-26T03:00:00.000000,2019,a
2022-03-26T04:00:00.000000,2020,d
2022-03-26T05:00:00.000000,2021,d
2022-03-26T06:00:00.000000,2022,b
2022-03-26T07:00:00.000000,2023,e
2022-03-26T08:00:00.000000,2024,a
2022-03-26T09:00:00.000000,2025,b
2022-03-26T10:00:00.000000,2026,c
2022-03-26T11:00:00.000000,2027,a
2022-03-26T12:00:00.000000,2028,d
2022-03-26T13:00:00.000000,2029,d
2022-03-26T14:00:00.000000,2030,b
2022-03-26T15:00:00.000000,2031,e
2022-03-26T16:00:00.000000,2032,a
2022-03-26T17:00:00.000000,2033,b
2022-03-26T18:00:00.000000,2034,c
2022-03-26T19:00:00.000000,2035,a
2022-03-26T20:00:00.000000,2036,d
2022-03-26T21:00:00.000000,2037,d
2022-03-26T22:00:00.000000,2038,b
2022-03-26T23:00:00.000000,2039,e
2022-03-27T00:00:00.000000,2040,a
2022-03-27T01:00:00.000000,2041,b
2022-03-27T02:00:00.000000,2042,c
2022-03-27T03:00:00.000000,2043,a
2022-03-27T04:00:00.000000,2044,d
2022-03-27T05:00:00.000000,2045,d
2022-03-27T06:00:00.000000,2046,b
2022-03-27T07:00:00.000000,2047,e
2022-03-27T08:00:00.000000,2048,a
2022-03-27T09:00:00.000000,2049,b
2022-03-27T10:00:00.000000,2050,c
2022-03-27T11:00:00.000000,2051,a
2022-03-27T12:00:00.000000,2052,d
2022-03-27T13:00:00.000000,2053,d
2022-03-27T14:00:00.000000,2054,b
2022-03-27T15:00:00.000000,2055,e
2022-03-27T16:00:00.000000,2056,a
2022-03-27T17:00:00.000000,2057,b
2022-03-27T18:00:00.000000,2058,c
2022-03-27T19:00:00.000000,2059,a
2022-03-27T20:00:00.000000,2060,d
2022-03-27T21:00:00.000000,2061,d
2022-03-27T22:00:00.000000,2062,b
2022-03-27T23:00:00.000000,2063,e
2022-03-28T00:00:00.000000,2064,a
2022-03-28T01:00:00.000000,2065,b
2022-03-28T02:00:00.000000,2066,c
2022-03-28T03:00:00.000000,2067,a
2022-03-28T04:00:00.000000,2068,d
2022-03-28T05:00:00.000000,2069,d
2022-03-28T06:00:00.000000,2070,b
2022-03-28T07:00:00.000000,2071,e
2022-03-28T08:00:00.000000,2072,a
2022-03-28T09:00:00.000000,2073,b
2022-03-28T10:00:00.000000,2074,c
2022-03-28T11:00:00.000000,2075,a
2022-03-28T12:00:00.000000,2076,d
2022-03-28T13:00:00.000000,2077,d
2022-03-28T14:00:00.000000,2078,b
2022-03-28T15:00:00.000000,2079,e
2022-03-28T16:00:00.000000,2080,a
2022-03-28T17:00:00.000000,2081,b
2022-03-28T18:00:00.000000,2082,c
2022-03-28T19:00:00.000000,2083,a
2022-03-28T20:00:00.000000,2084,d
2022-03-28T21:00:00.000000,2085,d
2022-03-28T22:00:00.000000,2086,b
2022-03-28T23:00:00.000000,2087,e
2022-03-29T00:00:00.000000,2088,a
2022-03-29T01:00:00.000000,2089,b
2022-03-29T02:00:00.000000,2090,c
2022-03-29T03:00:00.000000,2091,a
2022-03-29T04:00:00.000000,2092,d
2022-03-29T05:00:00.000000,2093,d
2022-03-29T06:00:00.000000,2094,b
2022-03-29T07:00:00.000000,2095,e
2022-03-29T08:00:00.000000,2096,a
2022-03-29T09:00:00.000000,2097,b
2022-03-29T10:00:00.000000,2098,c
2022-03-29T11:00:00.000000,2099,a
2022-03-29T12:00:00.000000,2100,d
2022-03-29T13:00:00.000000,2101,d
2022-03-29T14:00:00.000000,2102,b
2022-03-29T15:00:00.000000,2103,e
2022-03-29T16:00:00.000000,2104,a
2022-03-29T17:00:00.000000,2105,b
2022-03-29T18:00:00.000000,2106,c
2022-03-29T19:00:00.000000,2107,a
2022-03-29T20:00:00.000000,2108,d
2022-03-29T21:00:00.000000,2109,d
2022-03-29T22:00:00.000000,2110,b
2022-03-29T23:00:00.000000,2111,e
2022-03-30T00:00:00.000000,2112,a
2022-03-30T01:00:00.000000,2113,b
2022-03-30T02:00:00.000000,2114,c
2022-03-30T03:00:00.000000,2115,a
2022-03-30T04:00:00.000000,2116,d
2022-03-30T05:00:00.000000,2117,d
2022-03-30T06:00:00.000000,2118,b
2022-03-30T07:00:00.000000,2119,e
2022-03-30T08:00:00.000000,2120,a
2022-03-30T09:00:00.000000,2121,b
2022-03-30T10:00:00.000000,2122,c
2022-03-30T11:00:00.000000,2123,a
2022-03-30T12:00:00.000000,2124,d
2022-03-30T13:00:00.000000,2125,d
2022-03-30T14:00:00.000000,2126,b
2022-03-30T15:00:00.000000,2127,e
2022-03-30T16:00:00.000000,2128,a
2022-03-30T17:00:00.000000,2129,b
2022-03-30T18:00:00.000000,2130,c
2022-03-30T19:00:00.000000,2131,a
2022-03-30T20:00:00.000000,2132,d
2022-03-30T21:00:00.000000,2133,d
2022-03-30T22:00:00.000000,2134,b
2022-03-30T23:00:00.000000,2135,e
2022-03-31T00:00:00.000000,2136,a
2022-03-31T01:00:00.000000,2137,b
2022-03-31T02:00:00.000000,2138,c
2022-03-31T03:00:00.000000,2139,a
2022-03-31T04:00:00.000000,2140,d
2022-03-31T05:00:00.000000,2141,d
2022-03-31T06:00:00.000000,2142,b
2022-03-31T07:00:00.000000,2143,e
2022-03-31T08:00:00.000000,2144,a
2022-03-31T09:00:00.000000,2145,b
2022-03-31T10:00:00.000000,2146,c
2022-03-31T11:00:00.000000,2147,a
2022-03-31T12:00:00.000000,2148,d
2022-03-31T13:00:00.000000,2149,d
2022-03-31T14:00:00.000000,2150,b
2022-03-31T15:00:00.000000,2151,e
2022-03-31T16:00:00.000000,2152,a
2022-03-31T17:00:00.000000,2153,b
2022-03-31T18:00:00.000000,2154,c
2022-03-31T19:00:00.000000,2155,a
2022-03-31T20:00:00.000000,2156,d
2022-03-31T21:00:00.000000,2157,d
2022-03-31T22:00:00.000000,2158,b
2022-03-31T23:00:00.000000,2159,e
2022-04-01T00:00:00.000000,2160,a
2022-04-01T01:00:00.000000,2161,b
2022-04-01T02:00:00.000000,2162,c
2022-04-01T03:00:00.000000,2163,a
2022-04-01T04:00:00.000000,2164,d
2022-04-01T05:00:00.000000,2165,d
2022-04-01T06:00:00.000000,2166,b
2022-04-01T07:00:00.000000,2167,e
2022-04-01T08:00:00.000000,2168,a
2022-04-01T09:00:00.000000,2169,b
2022-04-01T10:00:00.000000,2170,c
2022-04-01T11:00:00.000000,2171,a
2022-04-01T12:00:00.000000,2172,d
2022-04-01T13:00:00.000000,2173,d
2022-04-01T14:00:00.000000,2174,b
2022-04-01T15:00:00.000000,2175,e
2022-04-01T16:00:00.000000,2176,a
2022-04-01T17:00:00.000000,2177,b
2022-04-01T18:00:00.000000,2178,c
2022-04-01T19:00:00.000000,2179,a
2022-04-01T20:00:00.000000,2180,d
2022-04-01T21:00:00.000000,2181,d
2022-04-01T22:00:00.000000,2182,b
2022-04-01T23:00:00.000000,2183,e
2022-04-02T00:00:00.000000,2184,a
2022-04-02T01:00:00.000000,2185,b
2022-04-02T02:00:00.000000,2186,c
2022-04-02T03:00:00.000000,2187,a
2022-04-02T04:00:00.000000,2188,d
2022-04-02T05:00:00.000000,2189,d
2022-04-02T06:00:00.000000,2190,b
2022-04-02T07:00:00.000000,2191,e
2022-04-02T08:00:00.000000,2192,a
2022-04-02T09:00:00.000000,2193,b
2022-04-02T10:00:00.000000,2194,c
2022-04-02T11:00:00.000000,2195,a
2022-04-02T12:00:00.000000,2196,d
2022-04-02T13:00:00.000000,2197,d
2022-04-02T14:00:00.000000,2198,b
2022-04-02T15:00:00.000000,2199,e
2022-04-02T16:00:00.000000,2200,a
2022-04-02T17:00:00.000000,2201,b
2022-04-02T18:00:00.000000,2202,c
2022-04-02T19:00:00.000000,2203,a
2022-04-02T20:00:00.000000,2204,d
2022-04-02T21:00:00.000000,2205,d
2022-04-02T22:00:00.000000,2206,b
2022-04-02T23:00:00.000000,2207,e
2022-04-03T00:00:00.000000,2208,a
2022-04-03T01:00:00.000000,2209,b
2022-04-03T02:00:00.000000,2210,c
2022-04-03T03:00:00.000000,2211,a
2022-04-03T04:00:00.000000,2212,d
2022-04-03T05:00:00.000000,2213,d
2022-04-03T06:00:00.000000,2214,b
2022-04-03T07:00:00.000000,2215,e
2022-04-03T08:00:00.000000,2216,a
2022-04-03T09:00:00.000000,2217,b
2022-04-03T10:00:00.000000,2218,c
2022-04-03T11:00:00.000000,2219,a
2022-04-03T12:00:00.000000,2220,d
2022-04-03T13:00:00.000000,2221,d
2022-04-03T14:00:00.000000,2222,b
2022-04-03T15:00:00.000000,2223,e
2022-04-03T16:00:00.000000,2224,a
2022-04-03T17:00:00.000000,2225,b
2022-04-03T18:00:00.000000,2226,c
2022-04-03T19:00:00.000000,2227,a
2022-04-03T20:00:00.000000,2228,d
2022-04-03T21:00:00.000000,2229,d
2022-04-03T22:00:00.000000,2230,b
2022-04-03T23:00:00.000000,2231,e
2022-04-04T00:00:00.000000,2232,a
2022-04-04T01:00:00.000000,2233,b
2022-04-04T02:00:00.000000,2234,c
2022-04-04T03:00:00.000000,2235,a
2022-04-04T04:00:00.000000,2236,d
2022-04-04T05:00:00.000000,2237,d
2022-04-04T06:00:00.000000,2238,b
2022-04-04T07:00:00.000000,2239,e
2022-04-04T08:00:00.000000,2240,a
2022-04-04T09:00:00.000000,2241,b
2022-04-04T10:00:00.000000,2242,c
2022-04-04T11:00:00.000000,2243,a
2022-04-04T12:00:00.000000,2244,d
2022-04-04T13:00:00.000000,2245,d
2022-04-04T14:00:00.000000,2246,b
2022-04-04T15:00:00.000000,2247,e
2022-04-04T16:00:00.000000,2248,a
2022-04-04T17:00:00.000000,2249,b
2022-04-04T18:00:00.000000,2250,c
2022-04-04T19:00:00.000000,2251,a
2022-04-04T20:00:00.000000,2252,d
2022-04-04T21:00:00.000000,2253,d
2022-04-04T22:00:00.000000,2254,b
2022-04-04T23:00:00.000000,2255,e
2022-04-05T00:00:00.000000,2256,a
2022-04-05T01:00:00.000000,2257,b
2022-04-05T02:00:00.000000,2258,c
2022-04-05T03:00:00.000000,2259,a
2022-04-05T04:00:00.000000,2260,d
2022-04-05T05:00:00.000000,2261,d
2022-04-05T06:00:00.000000,2262,b
2022-04-05T07:00:00.000000,2263,e
2022-04-05T08:00:00.000000,2264,a
2022-04-05T09:00:00.000000,2265,b
2022-04-05T10:00:00.000000,2266,c
2022-04-05T11:00:00.000000,2267,a
2022-04-05T12:00:00.000000,2268,d
2022-04-05T13:00:00.000000,2269,d
2022-04-05T14:00:00.000000,2270,b
2022-04-05T15:00:00.000000,2271,e
2022-04-05T16:00:00.000000,2272,a
2022-04-05T17:00:00.000000,2273,b
2022-04-05T18:00:00.000000,2274,c
2022-04-05T19:00:00.000000,2275,a
2022-04-05T20:00:00.000000,2276,d
2022-04-05T21:00:00.000000,2277,d
2022-04-05T22:00:00.000000,2278,b
2022-04-05T23:00:00.000000,2279,e
2022-04-06T00:00:00.000000,2280,a
2022-04-06T01:00:00.000000,2281,b
2022-04-06T02:00:00.000000,2282,c
2022-04-06T03:00:00.000000,2283,a
2022-04-06T04:00:00.000000,2284,d
2022-04-06T05:00:00.000000,2285,d
2022-04-06T06:00:00.000000,2286,b
2022-04-06T07:00:00.000000,2287,e
2022-04-06T08:00:00.000000,2288,a
2022-04-06T09:00:00.000000,2289,b
2022-04-06T10:00:00.000000,2290,c
2022-04-06T11:00:00.000000,2291,a
2022-04-06T12:00:00.000000,2292,d
2022-04-06T13:00:00.000000,2293,d
2022-04-06T14:00:00.000000,2294,b
2022-04-06T15:00:00.000000,2295,e
2022-04-06T16:00:00.000000,2296,a
2022-04-06T17:00:00.000000,2297,b
2022-04-06T18:00:00.000000,2298,c
2022-04-06T19:00:00.000000,2299,a
2022-04-06T20:00:00.000000,2300,d
2022-04-06T21:00:00.000000,2301,d
2022-04-06T22:00:00.000000,2302,b
2022-04-06T23:00:00.000000,2303,e
2022-04-07T00:00:00.000000,2304,a
2022-04-07T01:00:00.000000,2305,b
2022-04-07T02:00:00.000000,2306,c
2022-04-07T03:00:00.000000,2307,a
2022-04-07T04:00:00.000000,2308,d
2022-04-07T05:00:00.000000,2309,d
2022-04-07T06:00:00.000000,2310,b
2022-04-07T07:00:00.000000,2311,e
2022-04-07T08:00:00.000000,2312,a
2022-04-07T09:00:00.000000,2313,b
2022-04-07T10:00:00.000000,2314,c
2022-04-07T11:00:00.000000,2315,a
2022-04-07T12:00:00.000000,2316,d
2022-04-07T13:00:00.000000,2317,d
2022-04-07T14:00:00.000000,2318,b
2022-04-07T15:00:00.000000,2319,e
2022-04-07T16:00:00.000000,2320,a
2022-04-07T17:00:00.000000,2321,b
2022-04-07T18:00:00.000000,2322,c
2022-04-07T19:00:00.000000,2323,a
2022-04-07T20:00:00.000000,2324,d
2022-04-07T21:00:00.000000,2325,d
2022-04-07T22:00:00.000000,2326,b
2022-04-07T23:00:00.000000,2327,e
2022-04-08T00:00:00.000000,2328,a
2022-04-08T01:00:00.000000,2329,b
2022-04-08T02:00:00.000000,2330,c
2022-04-08T03:00:00.000000,2331,a
2022-04-08T04:00:00.000000,2332,d
2022-04-08T05:00:00.000000,2333,d
2022-04-08T06:00:00.000000,2334,b
2022-04-08T07:00:00.000000,2335,e
2022-04-08T08:00:00.000000,2336,a
2022-04-08T09:00:00.000000,2337,b
2022-04-08T10:00:00.000000,2338,c
2022-04-08T11:00:00.000000,2339,a
2022-04-08T12:00:00.000000,2340,d
2022-04-08T13:00:00.000000,2341,d
2022-04-08T14:00:00.000000,2342,b
2022-04-08T15:00:00.000000,2343,e
2022-04-08T16:00:00.000000,2344,a
2022-04-08T17:00:00.000000,2345,b
2022-04-08T18:00:00.000000,2346,c
2022-04-08T19:00:00.000000,2347,a
2022-04-08T20:00:00.000000,2348,d
2022-04-08T21:00:00.000000,2349,d
2022-04-08T22:00:00.000000,2350,b
2022-04-08T23:00:00.000000,2351,e
2022-04-09T00:00:00.000000,2352,a
2022-04-09T01:00:00.000000,2353,b
2022-04-09T02:00:00.000000,2354,c
2022-04-09T03:00:00.000000,2355,a
2022-04-09T04:00:00.000000,2356,d
2022-04-09T05:00:00.000000,2357,d
2022-04-09T06:00:00.000000,2358,b
2022-04-09T07:00:00.000000,2359,e
2022-04-09T08:00:00.000000,2360,a
2022-04-09T09:00:00.000000,2361,b
2022-04-09T10:00:00.000000,2362,c
2022-04-09T11:00:00.000000,2363,a
2022-04-09T12:00:00.000000,2364,d
2022-04-09T13:00:00.000000,2365,d
2022-04-09T14:00:00.000000,2366,b
2022-04-09T15:00:00.000000,2367,e
2022-04-09T16:00:00.000000,2368,a
2022-04-09T17:00:00.000000,2369,b
2022-04-09T18:00:00.000000,2370,c
2022-04-09T19:00:00.000000,2371,a
2022-04-09T20:00:00.000000,2372,d
2022-04-09T21:00:00.000000,2373,d
2022-04-09T22:00:00.000000,2374,b
2022-04-09T23:00:00.000000,2375,e
2022-04-10T00:00:00.000000,2376,a
2022-04-10T01:00:00.000000,2377,b
2022-04-10T02:00:00.000000,2378,c
2022-04-10T03:00:00.000000,2379,a
2022-04-10T04:00:00.000000,2380,d
2022-04-10T05:00:00.000000,2381,d
2022-04-10T06:00:00.000000,2382,b
2022-04-10T07:00:00.000000,2383,e
2022-04-10T08:00:00.000000,2384,a
2022-04-10T09:00:00.000000,2385,b
2022-04-10T10:00:00.000000,2386,c
2022-04-10T11:00:00.000000,2387,a
2022-04-10T12:00:00.000000,2388,d
2022-04-10T13:00:00.000000,2389,d
2022-04-10T14:00:00.000000,2390,b
2022-04-10T15:00:00.000000,2391,e
2022-04-10T16:00:00.000000,2392,a
2022-04-10T17:00:00.000000,2393,b
2022-04-10T18:00:00.000000,2394,c
2022-04-10T19:00:00.000000,2395,a
2022-04-10T20:00:00.000000,2396,d
2022-04-10T21:00:00.000000,2397,d
2022-04-10T22:00:00.000000,2398,b
2022-04-10T23:00:00.000000,2399,e
